timestamp,open,high,low,close,volume
2019-03-15,51.99,52.22,48.67,52.1,4908.5377
2019-03-16,52.1,54.89,52.1,53.35,8103.46093
2019-03-17,53.56,53.57,51.54,52.36,3314.97426
2019-03-18,52.38,53.01,51.27,52.06,4037.80163
2019-03-19,51.93,54.0,51.61,52.9,6567.87086
2019-03-20,52.83,54.6,52.41,54.19,8340.92803
2019-03-21,54.29,54.29,50.0,52.28,7047.37704
2019-03-22,52.22,53.25,51.83,52.66,3488.38037
2019-03-23,52.9,53.25,51.93,52.67,4902.64719
2019-03-24,52.56,52.89,52.2,52.64,3765.42597
2019-03-25,52.57,52.92,50.0,51.21,8674.60473
2019-03-26,51.28,52.05,49.76,51.74,5716.81669
2019-03-27,51.81,53.6,51.67,53.48,4570.70984
2019-03-28,53.27,53.35,52.18,52.8,8971.55712
2019-03-29,52.57,54.15,52.18,53.72,6652.54724
2019-03-30,53.58,54.0,53.01,53.53,3337.9065
2019-03-31,53.5,56.83,50.56,56.07,12798.87428
2019-04-01,56.01,60.5,55.66,60.13,16485.98216
2019-04-02,60.05,70.0,58.87,68.94,31894.06812
2019-04-03,68.83,72.9,60.01,65.88,36232.35681
2019-04-04,65.88,66.77,61.15,63.57,14457.30872
2019-04-05,63.77,69.08,63.22,69.08,16267.2802
2019-04-06,68.93,69.97,66.32,67.82,16698.18642
2019-04-07,67.87,70.09,67.63,69.34,6695.73288
2019-04-08,69.35,72.27,67.4,70.47,17181.60679
2019-04-09,70.42,70.55,66.82,67.75,14689.79196
2019-04-10,67.75,72.0,67.49,70.86,13288.04389
2019-04-11,70.64,71.17,61.51,65.97,17040.10943
2019-04-12,66.1,68.5,64.36,65.73,12377.68428
2019-04-13,65.39,67.36,63.07,64.92,9722.91175
2019-04-14,64.82,67.0,63.81,66.25,9393.30988
2019-04-15,66.32,66.82,63.27,63.91,6987.37941
2019-04-16,63.81,69.66,63.41,68.16,10606.91949
2019-04-17,68.16,69.4,66.23,67.01,8379.57723
2019-04-18,67.02,69.88,67.02,68.74,8005.32478
2019-04-19,68.71,69.4,67.03,68.27,6030.19858
2019-04-20,68.29,69.96,67.12,69.35,9803.32069
2019-04-21,69.19,69.99,66.45,68.29,5720.06413
2019-04-22,68.18,69.05,67.19,68.17,11642.48789
2019-04-23,68.22,70.75,67.44,68.29,16321.11545
2019-04-24,68.29,70.45,64.36,67.31,21241.3665
2019-04-25,67.37,67.48,61.49,61.49,12369.12256
2019-04-26,61.7,65.42,60.03,62.5,13292.24296
2019-04-27,62.45,64.58,62.0,63.12,11767.77602
2019-04-28,63.0,63.54,61.42,62.07,3725.81523
2019-04-29,61.92,62.56,60.11,61.08,5090.66645
2019-04-30,61.08,62.78,60.69,62.55,7116.48954
2019-05-01,62.66,65.64,62.66,65.64,6909.20936
2019-05-02,65.48,66.5,63.92,65.1,7072.43933
2019-05-03,65.1,68.58,64.59,67.46,7737.58686
2019-05-04,67.5,68.97,65.7,68.4,8906.19039
2019-05-05,68.5,68.99,65.98,66.52,7426.58798
2019-05-06,66.71,68.29,64.67,67.5,9994.15459
2019-05-07,67.5,71.21,65.83,65.93,15408.82311
2019-05-08,65.93,68.29,65.12,67.93,3580.67708
2019-05-09,68.06,69.19,64.26,65.61,5488.80394
2019-05-10,65.79,69.33,64.97,68.84,4925.69109
2019-05-11,68.87,81.72,68.87,77.73,16162.74421
2019-05-12,77.5,81.4,71.6,75.66,15792.30652
2019-05-13,75.45,82.67,74.86,79.53,9969.95875
2019-05-14,79.51,84.91,72.0,83.46,10703.24128
2019-05-15,83.46,95.03,82.37,94.0,12453.84595
2019-05-16,94.01,97.27,84.51,87.2,19593.50079
2019-05-17,87.1,87.79,76.25,82.61,14493.81658
2019-05-18,82.61,83.0,78.95,79.75,10043.79016
2019-05-19,79.55,90.6,79.39,90.09,15529.76599
2019-05-20,89.72,90.3,84.0,87.19,11784.15685
2019-05-21,87.14,92.5,87.06,88.51,16885.20812
2019-05-22,88.51,91.27,80.18,83.07,17803.41345
2019-05-23,83.19,85.34,80.66,84.69,8565.1374
2019-05-24,84.81,86.93,83.36,85.44,9096.99016
2019-05-25,85.32,87.31,85.02,86.8,5615.95591
2019-05-26,86.67,92.39,85.0,91.3,12335.57747
2019-05-27,91.22,98.84,91.22,97.43,13539.46342
2019-05-28,97.31,98.47,95.28,95.93,7523.91455
2019-05-29,95.63,95.91,90.0,93.81,9949.82174
2019-05-30,93.77,98.99,88.28,91.61,15633.5112
2019-05-31,91.69,93.66,89.07,93.25,8083.30206
2019-06-01,93.25,93.93,91.07,92.96,11483.95396
2019-06-02,92.82,96.14,92.56,94.77,4403.96219
2019-06-03,94.77,96.0,88.83,88.85,8904.17858
2019-06-04,88.81,89.0,81.17,83.65,11825.09013
2019-06-05,83.65,87.0,82.87,84.65,8431.71469
2019-06-06,84.63,87.14,82.78,86.69,9642.1719
2019-06-07,86.73,89.52,85.09,88.0,10052.83018
2019-06-08,87.64,88.52,85.89,87.32,4056.75701
2019-06-09,87.29,87.89,82.07,83.38,9455.74156
2019-06-10,83.04,87.36,82.29,86.72,6575.96616
2019-06-11,86.72,87.5,85.28,86.13,6339.17915
2019-06-12,86.19,90.14,85.38,90.1,10887.79337
2019-06-13,90.1,91.98,89.01,89.26,10717.84928
2019-06-14,89.35,90.7,87.0,90.29,10244.47299
2019-06-15,90.52,95.23,89.78,94.72,14677.60094
2019-06-16,94.85,97.82,93.8,95.99,10278.45841
2019-06-17,95.99,99.68,95.99,98.71,13294.6198
2019-06-18,98.3,98.98,95.03,96.49,9353.88194
2019-06-19,96.49,102.31,95.81,100.19,17807.59049
2019-06-20,100.37,109.01,99.73,105.07,30271.81513
2019-06-21,105.24,110.09,105.24,109.54,20466.16925
2019-06-22,109.5,119.07,107.57,115.48,26341.54906
2019-06-23,115.65,121.55,114.21,116.01,14517.91873
2019-06-24,115.68,119.98,112.64,117.86,12161.42684
2019-06-25,117.87,118.39,111.43,112.3,20565.13464
2019-06-26,112.33,114.43,99.51,105.0,79140.38783
2019-06-27,105.0,106.91,89.31,96.38,45856.10467
2019-06-28,96.39,103.0,94.28,102.06,23897.83876
2019-06-29,102.0,102.09,93.2,99.93,14519.59403
2019-06-30,100.27,100.96,87.8,88.71,19417.20628
2019-07-01,88.74,94.8,84.14,88.96,25094.33496
2019-07-02,88.96,89.6,82.43,86.73,21375.88579
2019-07-03,86.78,92.4,85.59,89.84,22812.01135
2019-07-04,89.93,92.9,87.14,87.65,14815.03405
2019-07-05,87.63,92.65,86.18,89.45,10878.13902
2019-07-06,89.4,98.98,89.39,94.65,25713.19329
2019-07-07,94.58,107.07,93.0,106.99,19828.441
2019-07-08,106.78,107.4,99.93,101.15,21365.03046
2019-07-09,101.16,104.67,97.42,99.35,11394.17689
2019-07-10,99.35,101.82,92.47,95.0,15019.71232
2019-07-11,95.0,95.37,87.3,89.75,14751.40184
2019-07-12,89.76,98.41,86.13,98.08,10804.74301
2019-07-13,98.08,98.08,89.03,93.49,11241.95235
2019-07-14,93.39,94.74,85.01,86.23,21528.0018
2019-07-15,85.94,90.52,76.01,88.84,29400.01419
2019-07-16,88.84,89.37,73.5,74.22,21284.51313
2019-07-17,74.25,80.6,71.8,76.59,22498.2688
2019-07-18,76.8,85.7,74.82,84.06,18391.31879
2019-07-19,83.83,84.66,80.18,82.05,17515.48937
2019-07-20,82.05,87.73,81.37,85.35,14521.37357
2019-07-21,84.89,88.14,83.12,84.1,7252.22705
2019-07-22,84.23,85.57,81.06,83.48,8944.73245
2019-07-23,83.43,84.03,80.16,81.09,6902.22492
2019-07-24,81.01,82.18,78.39,80.44,6680.75108
2019-07-25,80.32,83.67,80.25,81.04,5326.45088
2019-07-26,80.95,81.37,78.48,80.2,7363.37644
2019-07-27,80.1,83.19,77.43,78.89,7304.96189
2019-07-28,78.85,83.66,77.18,80.18,5220.13327
2019-07-29,80.31,81.69,77.73,78.28,4605.32411
2019-07-30,78.0,80.83,77.47,78.24,5545.15821
2019-07-31,78.09,82.67,77.84,80.46,6797.22768
2019-08-01,80.64,82.71,79.65,82.15,4331.686
2019-08-02,82.18,85.21,81.49,83.93,5608.9858
2019-08-03,84.1,88.14,83.95,88.03,6127.24771
2019-08-04,87.9,88.9,85.39,87.76,8305.22644
2019-08-05,87.66,95.0,87.63,93.55,12038.27369
2019-08-06,93.51,96.7,88.0,89.9,9765.31877
2019-08-07,89.64,98.1,88.99,97.43,11463.55455
2019-08-08,97.43,97.92,91.44,95.55,10203.96016
2019-08-09,95.55,96.0,91.01,93.4,7928.63379
2019-08-10,93.62,95.0,90.07,90.78,4971.03447
2019-08-11,90.74,93.12,88.7,92.3,6248.07281
2019-08-12,92.3,92.49,89.5,91.21,2740.82502
2019-08-13,91.14,92.0,84.75,85.78,11248.43171
2019-08-14,85.57,85.78,78.1,78.9,7671.97468
2019-08-15,79.04,82.88,78.11,82.44,4279.06584
2019-08-16,82.44,83.5,78.0,82.25,7031.6918
2019-08-17,81.69,83.84,80.82,81.52,3782.16973
2019-08-18,81.9,87.92,81.54,87.75,4544.88268
2019-08-19,87.75,91.28,84.18,89.32,7044.43488
2019-08-20,89.5,91.02,84.28,85.61,7415.67288
2019-08-21,85.84,86.51,78.81,80.84,7850.57487
2019-08-22,81.0,83.36,78.22,82.02,4453.8844
2019-08-23,82.02,83.5,80.91,82.08,4933.07119
2019-08-24,82.08,82.2,78.06,80.52,4830.64267
2019-08-25,80.46,82.33,79.0,80.6,4828.89092
2019-08-26,80.75,83.91,79.04,79.75,5254.40179
2019-08-27,79.7,80.08,77.56,78.5,4241.47133
2019-08-28,78.5,79.77,71.41,72.1,9797.75944
2019-08-29,72.1,72.1,66.71,66.9,7727.18429
2019-08-30,66.9,68.32,65.7,67.82,6732.76183
2019-08-31,67.85,68.34,66.07,67.34,3275.36729
2019-09-01,67.31,74.61,66.63,71.34,6897.75312
2019-09-02,71.32,74.06,69.67,73.05,11150.06436
2019-09-03,73.25,75.75,72.87,74.78,10246.19674
2019-09-04,74.78,75.01,71.41,73.79,8002.09041
2019-09-05,73.98,78.0,73.52,75.97,11876.04647
2019-09-06,76.07,79.71,74.83,75.22,9994.84598
2019-09-07,75.02,78.59,73.78,78.0,4684.55932
2019-09-08,77.97,78.98,75.55,77.15,4943.06239
2019-09-09,77.03,77.55,70.2,74.94,7966.79299
2019-09-10,74.98,76.0,71.5,72.27,11768.49972
2019-09-11,72.05,74.19,69.43,74.18,11528.42894
2019-09-12,74.18,75.42,71.52,74.88,8008.42901
2019-09-13,74.89,76.79,72.68,76.79,5678.04398
2019-09-14,76.79,76.82,73.58,76.1,6202.47124
2019-09-15,76.08,76.5,73.99,75.45,5712.93481
2019-09-16,75.45,76.47,71.23,75.37,15821.29553
2019-09-17,75.37,75.47,73.05,73.73,15428.06594
2019-09-18,73.86,82.18,73.63,80.99,33312.43735
2019-09-19,80.89,81.58,72.5,75.77,29841.27483
2019-09-20,75.66,77.98,72.53,73.78,16026.20962
2019-09-21,73.78,73.91,71.95,72.33,12318.68095
2019-09-22,72.34,74.2,70.8,73.0,19604.14881
2019-09-23,73.0,73.18,68.11,68.49,13191.44974
2019-09-24,68.37,70.18,55.28,58.63,27972.03968
2019-09-25,58.7,61.35,57.3,59.59,25481.22867
2019-09-26,59.86,77.9,54.23,57.3,66266.17284
2019-09-27,57.17,70.0,54.06,57.48,181284.59618
2019-09-28,57.56,58.28,56.08,57.6,15462.06724
2019-09-29,57.66,57.81,54.49,55.82,14057.42727
2019-09-30,55.89,57.54,53.36,56.83,23050.43683
2019-10-01,56.81,58.28,50.0,55.5,22828.08566
2019-10-02,55.52,56.8,54.3,55.88,19011.50167
2019-10-03,55.93,57.23,54.07,56.13,26089.73413
2019-10-04,56.16,57.77,53.84,57.11,42074.23987
2019-10-05,57.11,57.62,55.17,56.41,34751.91933
2019-10-06,56.4,56.58,54.2,54.71,22196.37827
2019-10-07,54.68,57.08,54.19,56.11,34525.09543
2019-10-08,56.12,56.95,55.0,55.46,24302.37882
2019-10-09,55.37,57.45,54.88,57.0,34997.88113
2019-10-10,57.0,57.45,55.0,55.69,35639.72283
2019-10-11,55.69,56.63,53.82,53.93,29618.79508
2019-10-12,53.86,54.82,53.35,53.58,22033.77463
2019-10-13,53.55,54.05,52.32,53.25,23259.59336
2019-10-14,53.26,53.66,52.36,53.06,17580.43293
2019-10-15,53.06,53.9,51.65,52.1,31782.19135
2019-10-16,52.05,55.3,51.64,54.79,72445.62978
2019-10-17,54.8,60.61,54.51,55.92,127581.79113
2019-10-18,55.93,58.37,55.1,55.23,57033.68523
2019-10-19,55.22,55.3,53.33,54.42,43917.80151
2019-10-20,54.35,57.27,53.67,56.4,28168.48761
2019-10-21,56.34,59.37,55.57,57.51,36324.3814
2019-10-22,57.43,58.65,55.83,56.67,33645.81046
2019-10-23,56.6,57.28,52.0,53.27,48014.6345
2019-10-24,53.28,54.49,50.86,53.32,33496.47281
2019-10-25,53.38,60.0,52.24,59.05,55520.64087
2019-10-26,59.11,67.01,55.15,56.77,90818.1344
2019-10-27,56.69,61.24,55.44,59.67,39774.94386
2019-10-28,59.75,61.63,58.55,59.29,32090.22783
2019-10-29,59.29,63.12,58.92,59.49,42988.00685
2019-10-30,59.53,59.54,57.16,58.42,35488.1805
2019-10-31,58.41,60.05,56.94,59.01,25163.28079
2019-11-01,59.01,61.2,58.23,60.62,23164.8646
2019-11-02,60.65,63.08,60.43,62.15,24087.82555
2019-11-03,62.15,65.0,61.02,63.25,34905.52542
2019-11-04,63.32,64.16,62.27,62.98,35662.71544
2019-11-05,62.96,63.65,61.68,62.8,22296.70089
2019-11-06,62.73,64.5,62.37,64.0,30877.42167
2019-11-07,64.01,67.49,62.76,63.07,64175.83086
2019-11-08,63.04,63.61,59.88,60.77,26622.82769
2019-11-09,60.72,62.36,60.42,61.83,13929.55795
2019-11-10,61.91,64.67,61.65,63.78,22749.41617
2019-11-11,63.84,63.93,60.86,61.72,24227.04202
2019-11-12,61.71,66.0,61.46,62.26,49701.37797
2019-11-13,62.28,65.48,61.79,65.25,27483.80338
2019-11-14,65.33,65.55,63.72,65.02,26492.23632
2019-11-15,65.02,65.79,61.81,61.9,28631.69389
2019-11-16,61.84,62.88,61.05,61.38,26314.51277
2019-11-17,61.38,63.11,61.34,61.73,47674.0828
2019-11-18,61.66,61.94,57.73,58.41,35615.1012
2019-11-19,58.41,59.73,57.75,58.53,32747.87554
2019-11-20,58.49,59.21,57.61,57.9,36788.41511
2019-11-21,57.87,58.64,53.06,54.11,37649.79299
2019-11-22,54.11,54.92,47.5,50.99,78467.51356
2019-11-23,50.95,51.99,49.85,51.58,72611.87395
2019-11-24,51.56,51.86,47.16,47.44,39731.82631
2019-11-25,47.44,52.5,45.44,49.87,47607.65021
2019-11-26,49.87,52.11,49.53,51.18,45328.93584
2019-11-27,51.15,57.18,49.85,55.79,51583.90909
2019-11-28,55.73,58.89,53.57,53.81,45613.66414
2019-11-29,53.78,56.12,53.7,55.77,25600.45925
2019-11-30,55.72,56.05,53.58,54.86,12013.90841
2019-12-01,54.77,54.77,52.3,53.38,15930.67931
2019-12-02,53.48,54.58,52.25,53.88,20531.8036
2019-12-03,53.91,55.52,53.23,53.35,30911.3637
2019-12-04,53.28,57.3,51.65,52.61,47724.54256
2019-12-05,52.66,54.2,51.98,53.78,48664.38709
2019-12-06,53.74,55.5,52.82,54.03,34846.48127
2019-12-07,54.11,55.01,53.33,54.38,34153.67036
2019-12-08,54.25,54.82,53.47,53.68,18950.19183
2019-12-09,53.7,54.57,53.01,54.41,30648.33654
2019-12-10,54.43,54.72,52.12,52.7,27527.24797
2019-12-11,52.68,53.48,52.48,52.95,21749.40657
2019-12-12,53.0,53.97,51.01,52.93,34317.9408
2019-12-13,52.98,53.34,52.21,52.49,24866.74845
2019-12-14,52.44,52.72,50.9,51.31,22694.45701
2019-12-15,51.23,52.09,50.64,50.8,21132.4551
2019-12-16,50.81,51.1,48.28,49.11,23216.15568
2019-12-17,49.15,49.4,44.51,45.04,44462.38259
2019-12-18,45.08,49.19,43.75,47.76,63959.04777
2019-12-19,47.94,49.85,46.05,47.45,61832.58416
2019-12-20,47.4,47.54,46.48,46.64,40614.58241
2019-12-21,46.69,46.71,44.91,44.97,54748.36588
2019-12-22,44.99,47.97,44.96,47.34,109575.06435
2019-12-23,47.39,48.61,46.89,47.18,95648.58438
2019-12-24,47.18,47.94,45.55,45.82,80341.52655
2019-12-25,45.81,46.78,45.1,45.99,52884.28497
2019-12-26,45.99,46.55,44.85,45.31,44184.96061
2019-12-27,45.34,46.1,44.53,45.11,43084.37401
2019-12-28,45.11,45.85,44.92,45.43,32982.98393
2019-12-29,45.44,47.13,45.23,46.5,40830.83508
2019-12-30,46.53,46.72,45.62,46.17,31217.06684
2019-12-31,46.21,46.26,44.57,44.69,25352.09538
2020-01-01,44.67,45.89,44.54,45.82,18743.63854
2020-01-02,45.82,46.14,44.31,45.5,25354.44426
2020-01-03,45.54,51.77,45.45,50.93,156643.20919
2020-01-04,50.96,51.37,49.74,50.37,35053.35816
2020-01-05,50.35,54.26,50.34,53.69,54781.3655
2020-01-06,53.68,59.27,53.67,58.91,68723.76894
2020-01-07,58.89,60.17,55.4,58.36,76443.13328
2020-01-08,58.36,60.33,55.23,59.44,67288.71434
2020-01-09,59.46,59.53,56.76,58.68,62202.80563
2020-01-10,58.68,59.65,56.77,58.42,84463.61102
2020-01-11,58.43,64.25,57.9,58.25,144805.8889
2020-01-12,58.17,59.99,57.26,59.19,43850.34602
2020-01-13,59.21,59.22,56.66,57.72,53718.20923
2020-01-14,57.79,63.05,57.69,62.55,124253.45431
2020-01-15,62.47,69.36,61.81,68.47,176475.93404
2020-01-16,68.48,69.0,62.58,65.63,68525.82618
2020-01-17,65.65,72.0,64.05,68.95,90653.31089
2020-01-18,68.92,70.94,66.15,67.0,56225.67664
2020-01-19,67.0,69.47,62.74,65.17,48682.74962
2020-01-20,65.23,66.53,62.17,64.96,32916.73105
2020-01-21,64.98,66.88,64.07,65.87,25334.44886
2020-01-22,65.97,66.55,64.35,65.0,25926.81677
2020-01-23,65.09,65.09,61.15,62.55,24642.6579
2020-01-24,62.57,62.99,58.0,61.67,56646.65159
2020-01-25,61.65,62.57,59.87,61.35,20249.99616
2020-01-26,61.25,64.82,60.79,63.97,27159.87227
2020-01-27,64.02,66.32,63.41,65.44,38301.33204
2020-01-28,65.48,67.9,65.13,67.71,42159.48327
2020-01-29,67.87,70.84,67.34,70.02,55474.21068
2020-01-30,69.93,75.02,68.44,74.83,76932.17855
2020-01-31,74.9,76.02,69.37,72.16,95888.3118
2020-02-01,72.16,73.9,71.2,73.22,45816.64286
2020-02-02,73.25,77.86,70.99,74.89,89080.24342
2020-02-03,74.86,78.23,74.28,76.74,105463.1231
2020-02-04,76.77,77.39,73.7,75.17,51998.90241
2020-02-05,75.22,79.19,74.58,77.84,60236.11875
2020-02-06,77.83,80.11,76.38,78.3,52575.27104
2020-02-07,78.26,80.96,78.21,79.48,57073.6271
2020-02-08,79.47,81.59,76.85,80.64,48845.04025
2020-02-09,80.64,87.82,80.44,87.59,77002.1441
2020-02-10,87.63,87.9,83.22,84.53,61795.19253
2020-02-11,84.53,89.52,82.65,89.36,67868.15486
2020-02-12,89.45,94.67,89.1,94.29,103240.12183
2020-02-13,94.37,95.2,89.44,92.25,87832.38479
2020-02-14,92.25,95.2,90.75,95.16,49133.26383
2020-02-15,95.12,96.86,86.42,89.1,69017.88285
2020-02-16,89.17,92.15,79.51,87.8,89824.40075
2020-02-17,87.77,89.03,79.19,82.59,86651.7667
2020-02-18,82.65,87.26,81.12,86.34,67346.84381
2020-02-19,86.34,86.81,76.04,77.69,58141.47534
2020-02-20,77.71,79.13,74.97,76.39,109683.14036
2020-02-21,76.53,82.13,75.65,80.29,64280.53192
2020-02-22,80.27,82.82,78.0,78.9,90729.44324
2020-02-23,78.89,85.59,78.82,85.05,64150.70253
2020-02-24,85.13,86.3,76.89,79.2,80931.9311
2020-02-25,79.19,82.07,75.34,76.49,70490.55843
2020-02-26,76.48,77.94,68.38,70.61,94766.06591
2020-02-27,70.62,72.66,66.71,70.26,102439.36647
2020-02-28,70.26,71.55,66.05,68.41,67880.891
2020-02-29,68.41,69.17,65.91,65.92,46744.02251
2020-03-01,65.9,67.75,63.26,64.53,51748.53249
2020-03-02,64.39,69.25,64.25,68.78,56632.41582
2020-03-03,68.87,69.0,65.0,65.89,50168.48198
2020-03-04,65.9,67.99,64.71,65.68,44799.42047
2020-03-05,65.72,70.05,65.72,68.46,38793.22803
2020-03-06,68.46,69.78,67.56,69.13,55041.31234
2020-03-07,69.12,69.58,65.15,65.71,64801.88028
2020-03-08,65.71,65.71,55.78,56.44,108856.47094
2020-03-09,56.38,57.71,52.23,55.77,119547.55597
2020-03-10,55.81,57.05,53.59,54.82,74260.92422
2020-03-11,54.87,56.04,50.97,54.2,71365.42885
2020-03-12,54.28,54.38,30.34,31.81,300131.3291
2020-03-13,31.83,40.45,25.08,36.92,267765.28941
2020-03-14,36.94,40.15,35.35,36.21,109242.17365
2020-03-15,36.18,41.25,35.68,38.01,138659.77134
2020-03-16,38.01,38.77,29.2,34.0,216900.34329
2020-03-17,34.05,37.47,33.49,36.26,110119.7225
2020-03-18,36.27,37.57,33.95,37.12,140960.94656
2020-03-19,37.12,42.88,36.05,40.87,162254.59273
2020-03-20,40.82,45.44,36.48,40.33,175376.25564
2020-03-21,40.35,45.46,38.41,41.23,200887.51854
2020-03-22,41.21,42.61,37.77,38.21,168994.43805
2020-03-23,38.19,46.75,37.59,44.45,151242.69515
2020-03-24,44.45,48.08,43.22,47.26,174599.77016
2020-03-25,47.13,48.14,45.06,47.15,118935.52705
2020-03-26,47.18,51.03,47.18,50.28,164697.75207
2020-03-27,50.28,51.44,47.37,47.7,104502.64593
2020-03-28,47.69,48.48,44.89,47.11,130406.93778
2020-03-29,47.13,47.31,43.96,44.04,72229.07183
2020-03-30,44.04,47.66,43.85,46.41,110255.71745
2020-03-31,46.48,48.55,46.36,47.6,104684.11339
2020-04-01,47.59,48.89,46.43,48.47,94140.72078
2020-04-02,48.47,53.0,47.92,50.75,127460.02239
2020-04-03,50.68,54.35,50.23,52.96,135822.79731
2020-04-04,52.98,55.3,52.12,54.11,133614.30853
2020-04-05,54.14,54.32,52.6,53.15,69488.98755
2020-04-06,53.15,59.23,53.14,58.93,122788.8981
2020-04-07,58.89,60.58,54.76,55.94,124691.67781
2020-04-08,55.97,58.28,55.55,57.88,82257.55004
2020-04-09,57.85,58.93,56.09,58.4,70792.84374
2020-04-10,58.37,58.48,52.43,53.7,99510.99145
2020-04-11,53.7,54.82,52.49,53.86,64901.31719
2020-04-12,53.84,55.64,52.81,53.68,76041.20897
2020-04-13,53.67,53.68,51.01,52.98,98275.0027
2020-04-14,53.04,55.22,52.65,54.09,78544.54869
2020-04-15,54.08,55.12,53.11,53.12,105132.30664
2020-04-16,53.11,57.65,51.56,56.9,133570.03403
2020-04-17,56.98,57.28,56.0,56.21,62431.75786
2020-04-18,56.2,58.8,55.96,58.04,61439.81283
2020-04-19,57.98,58.49,56.38,57.05,64000.51113
2020-04-20,57.02,58.38,53.96,54.69,68620.33465
2020-04-21,54.64,55.9,54.0,55.14,54194.16674
2020-04-22,55.14,57.35,54.73,56.95,54030.38594
2020-04-23,56.98,61.06,56.14,59.27,74876.13115
2020-04-24,59.27,62.45,59.18,60.68,72897.21584
2020-04-25,60.72,62.39,60.04,60.55,53175.29274
2020-04-26,60.55,62.0,59.84,61.33,61648.23511
2020-04-27,61.36,62.48,60.91,62.36,56186.86538
2020-04-28,62.4,63.83,61.22,62.07,81842.32202
2020-04-29,62.05,66.89,61.63,66.32,125685.27454
2020-04-30,66.31,68.42,61.11,62.28,125526.44439
2020-05-01,62.26,65.0,62.2,63.45,49802.91724
2020-05-02,63.45,64.97,63.29,64.54,27670.26567
2020-05-03,64.55,65.12,61.73,62.37,51250.93487
2020-05-04,62.42,62.61,58.53,61.06,73522.35412
2020-05-05,61.09,62.02,59.7,60.31,57308.97616
2020-05-06,60.33,62.06,57.36,57.85,126465.45997
2020-05-07,57.8,64.98,57.2,64.6,172064.24404
2020-05-08,64.59,65.93,63.06,63.39,146156.29752
2020-05-09,63.43,64.92,62.62,63.05,67357.01938
2020-05-10,62.97,63.15,53.25,58.85,134564.75291
2020-05-11,58.77,61.98,55.7,59.36,139601.77309
2020-05-12,59.41,62.37,59.16,61.5,67381.49689
2020-05-13,61.54,66.23,61.41,65.0,116846.55614
2020-05-14,65.03,65.77,62.66,65.28,100135.35976
2020-05-15,65.24,65.72,62.34,62.77,81238.96785
2020-05-16,62.73,65.88,62.03,65.42,62814.41423
2020-05-17,65.43,67.15,64.73,65.22,54596.30641
2020-05-18,65.21,67.78,65.01,66.96,59379.1646
2020-05-19,67.02,67.61,64.89,66.7,55491.29068
2020-05-20,66.71,67.09,63.01,64.66,66764.83721
2020-05-21,64.69,65.14,59.96,61.65,65248.26749
2020-05-22,61.65,63.54,61.0,62.89,61318.05756
2020-05-23,62.89,65.0,62.57,63.46,43248.60649
2020-05-24,63.46,63.71,60.58,60.64,54021.43623
2020-05-25,60.65,62.4,60.02,61.54,42997.96878
2020-05-26,61.58,62.36,60.79,61.91,41870.14645
2020-05-27,61.91,65.57,61.34,64.47,56913.08644
2020-05-28,64.5,67.56,63.16,67.15,77866.95229
2020-05-29,67.13,67.89,65.88,66.05,51959.2667
2020-05-30,66.07,68.8,65.33,68.36,70693.19836
2020-05-31,68.36,68.7,63.75,64.94,71165.38539
2020-06-01,64.92,68.47,63.3,67.72,79408.305
2020-06-02,67.72,70.31,63.61,66.66,78751.55303
2020-06-03,66.59,68.21,66.03,67.16,37779.18493
2020-06-04,67.17,68.75,65.58,68.14,61016.61846
2020-06-05,68.13,69.21,67.17,67.45,37004.31975
2020-06-06,67.43,68.12,66.96,67.7,38534.43775
2020-06-07,67.65,68.14,64.64,66.39,66950.26871
2020-06-08,66.4,68.34,66.22,68.28,44730.64637
2020-06-09,68.28,68.79,67.08,67.99,38852.99283
2020-06-10,68.06,69.71,67.42,69.67,60364.50507
2020-06-11,69.69,70.07,63.0,63.71,66936.74356
2020-06-12,63.72,66.58,62.91,65.69,42444.5269
2020-06-13,65.7,66.58,65.03,66.58,26907.53083
2020-06-14,66.54,66.6,64.5,65.39,32749.56722
2020-06-15,65.4,65.66,61.87,64.53,60095.55967
2020-06-16,64.52,66.0,64.27,66.0,30699.42907
2020-06-17,66.01,66.96,64.63,65.09,40350.45225
2020-06-18,65.1,65.93,58.06,64.93,53662.26687
2020-06-19,64.86,65.34,63.44,64.09,50851.69336
2020-06-20,64.13,64.64,63.38,64.06,38798.8949
2020-06-21,64.09,65.06,63.84,64.48,32703.55262
2020-06-22,64.48,66.93,64.46,66.16,59815.29234
2020-06-23,66.16,67.33,65.36,66.87,60325.62158
2020-06-24,66.87,67.41,63.98,64.83,56430.93555
2020-06-25,64.88,65.12,63.08,64.3,43956.74942
2020-06-26,64.28,64.62,63.0,64.0,48994.17029
2020-06-27,64.02,64.34,60.26,62.08,56791.01934
2020-06-28,62.14,63.62,61.76,63.29,40556.06977
2020-06-29,63.31,64.87,62.47,64.19,42987.61591
2020-06-30,64.18,64.6,63.27,63.48,48284.17093
2020-07-01,63.5,64.86,63.22,64.52,53259.37691
2020-07-02,64.51,66.72,62.38,65.2,99637.90342
2020-07-03,65.2,67.5,62.41,62.66,109839.46029
2020-07-04,62.62,64.85,62.46,64.22,87714.30112
2020-07-05,64.23,64.64,61.34,63.33,115618.84926
2020-07-06,63.23,65.04,62.8,64.95,71963.24004
2020-07-07,64.91,65.14,63.71,64.59,37895.55614
2020-07-08,64.64,67.37,64.09,66.27,98759.86722
2020-07-09,66.23,69.32,65.0,67.28,111020.00235
2020-07-10,67.28,68.32,65.11,67.25,119226.91481
2020-07-11,67.29,69.82,67.12,68.74,99714.96027
2020-07-12,68.74,70.35,68.0,69.22,118954.6643
2020-07-13,69.26,70.08,67.6,69.26,87607.61178
2020-07-14,69.18,69.18,66.75,67.81,67397.34686
2020-07-15,67.84,72.57,67.38,70.63,143365.96353
2020-07-16,70.56,71.55,66.56,67.7,127159.85073
2020-07-17,67.69,68.36,67.0,67.64,55782.76937
2020-07-18,67.62,69.24,66.96,68.39,63492.09267
2020-07-19,68.38,69.07,67.64,68.91,50175.52466
2020-07-20,68.91,70.32,68.68,69.31,61706.1563
2020-07-21,69.32,71.67,69.08,69.63,91784.55089
2020-07-22,69.68,71.5,69.28,71.48,70904.4756
2020-07-23,71.45,74.08,70.72,73.02,96122.80963
2020-07-24,72.99,73.03,71.32,71.54,66123.78995
2020-07-25,71.6,73.96,71.48,73.61,60379.8989
2020-07-26,73.62,78.21,73.0,78.16,106938.84373
2020-07-27,78.15,79.5,75.03,78.43,137809.77046
2020-07-28,78.44,83.33,78.36,81.2,203136.31945
2020-07-29,81.2,82.78,78.95,79.11,103575.6979
2020-07-30,79.12,82.54,78.44,80.92,70729.34542
2020-07-31,80.92,84.64,80.27,84.55,77189.51886
2020-08-01,84.49,90.1,83.39,89.64,121998.23347
2020-08-02,89.59,91.04,77.77,85.0,177537.25147
2020-08-03,84.97,89.68,83.95,89.06,90141.46134
2020-08-04,89.06,89.96,85.3,87.24,102073.67799
2020-08-05,87.3,90.62,86.13,90.39,81935.4261
2020-08-06,90.39,96.52,88.32,95.49,129605.19828
2020-08-07,95.45,95.65,90.6,94.01,111836.08048
2020-08-08,94.01,95.23,91.71,94.87,53280.50949
2020-08-09,94.84,94.99,92.16,92.9,59988.61546
2020-08-10,92.91,94.5,88.04,93.76,77069.76802
2020-08-11,93.76,94.88,84.16,87.25,101082.2655
2020-08-12,87.33,89.86,84.07,89.54,63829.66797
2020-08-13,89.45,92.26,85.53,92.03,92458.863
2020-08-14,92.02,93.63,89.82,91.42,102347.9368
2020-08-15,91.43,92.04,88.97,89.76,82519.65634
2020-08-16,89.81,91.42,87.98,91.2,64581.33925
2020-08-17,91.22,95.04,89.4,93.49,97863.2574
2020-08-18,93.45,97.26,91.44,93.43,139230.33581
2020-08-19,93.42,94.49,88.84,91.31,121114.37435
2020-08-20,91.27,101.73,91.23,101.56,181335.3151
2020-08-21,101.61,106.0,92.1,92.21,231350.61953
2020-08-22,92.23,95.03,88.67,94.5,87794.02814
2020-08-23,94.58,94.93,90.5,91.26,63583.77699
2020-08-24,91.25,94.34,90.25,93.64,69353.29332
2020-08-25,93.61,94.0,85.78,88.63,78507.89071
2020-08-26,88.53,89.81,87.17,88.93,62150.57896
2020-08-27,88.91,90.69,85.57,89.66,75690.58693
2020-08-28,89.71,95.58,88.66,94.43,96663.3562
2020-08-29,94.44,95.84,92.33,92.65,89693.80092
2020-08-30,92.65,96.36,92.65,96.25,73926.9565
2020-08-31,96.24,96.74,93.05,93.1,61803.60686
2020-09-01,93.14,97.74,91.5,96.99,100106.62348
2020-09-02,96.96,97.36,88.0,91.07,108991.25095
2020-09-03,91.1,91.59,75.51,77.1,112692.99628
2020-09-04,77.11,83.5,76.04,82.08,122965.94513
2020-09-05,82.08,83.6,73.93,77.71,125666.23363
2020-09-06,77.71,81.24,75.11,80.15,77662.35402
2020-09-07,80.14,82.99,76.51,82.56,85441.17199
2020-09-08,82.56,84.89,78.62,84.19,134249.50508
2020-09-09,84.11,85.87,82.2,84.26,81912.87014
2020-09-10,84.27,86.44,83.9,85.61,71822.28887
2020-09-11,85.61,85.92,83.0,83.95,52768.45523
2020-09-12,84.02,87.15,82.97,86.7,61834.59049
2020-09-13,86.72,90.1,85.04,86.18,105709.03828
2020-09-14,86.17,95.2,84.31,91.68,94332.20567
2020-09-15,91.68,93.17,88.01,91.16,105692.90687
2020-09-16,91.18,92.76,87.11,88.27,80232.1492
2020-09-17,88.21,94.04,87.38,92.82,105027.98421
2020-09-18,92.83,95.14,91.24,92.47,70538.0763
2020-09-19,92.49,95.39,91.39,94.61,45674.94371
2020-09-20,94.55,94.86,90.47,92.63,46679.77399
2020-09-21,92.65,94.51,85.58,89.13,108979.82079
2020-09-22,89.08,97.0,87.13,92.56,88291.06303
2020-09-23,92.56,94.17,86.35,87.17,63910.22929
2020-09-24,87.2,92.15,86.56,91.84,89982.59084
2020-09-25,91.81,94.22,90.23,92.93,94929.66302
2020-09-26,92.97,95.47,92.24,94.63,61474.2829
2020-09-27,94.55,100.0,93.51,97.09,127456.86482
2020-09-28,97.14,98.77,94.43,95.12,91779.64988
2020-09-29,95.11,101.25,94.25,100.51,111246.74874
2020-09-30,100.47,110.47,97.68,108.6,209871.01799
2020-10-01,108.6,113.36,101.43,103.74,270245.94694
2020-10-02,103.86,105.43,93.52,101.61,184975.12765
2020-10-03,101.66,103.99,100.62,103.58,70280.38961
2020-10-04,103.56,109.45,101.23,105.46,95787.39913
2020-10-05,105.46,114.52,104.11,112.73,145697.92787
2020-10-06,112.78,113.89,105.31,106.43,180700.12474
2020-10-07,106.44,112.89,102.15,110.29,182143.74304
2020-10-08,110.27,112.93,107.49,111.36,168156.87447
2020-10-09,111.3,118.14,108.35,115.92,190546.75779
2020-10-10,115.91,118.79,115.06,115.88,107677.61125
2020-10-11,115.81,129.3,115.39,125.81,169285.44181
2020-10-12,125.81,147.41,125.04,129.0,295707.60391
2020-10-13,129.0,131.91,123.48,127.97,143964.68321
2020-10-14,127.9,133.8,125.0,128.41,152115.52296
2020-10-15,128.44,132.45,123.55,130.22,120962.85721
2020-10-16,130.22,135.01,119.01,120.62,155249.71658
2020-10-17,120.62,122.84,118.92,120.1,65370.14601
2020-10-18,120.09,124.51,119.91,124.44,53838.03846
2020-10-19,124.37,130.32,122.48,125.77,129739.70769
2020-10-20,125.74,127.24,117.15,118.25,136324.6678
2020-10-21,118.25,126.35,116.55,121.24,137501.44444
2020-10-22,121.23,129.68,119.2,127.6,124422.52619
2020-10-23,127.62,127.66,122.41,127.47,79621.90336
2020-10-24,127.47,130.0,125.26,129.31,70316.55393
2020-10-25,129.3,134.24,127.83,131.08,90654.93906
2020-10-26,131.14,139.38,129.0,131.42,153558.89948
2020-10-27,131.35,138.03,131.18,133.83,114573.51339
2020-10-28,133.91,135.46,123.43,126.32,113742.987
2020-10-29,126.32,128.65,121.69,124.38,117544.60749
2020-10-30,124.38,125.33,117.95,122.98,125530.60142
2020-10-31,122.96,128.3,121.29,126.52,114364.92277
2020-11-01,126.53,127.27,123.61,127.08,46154.30346
2020-11-02,127.08,128.3,115.57,118.82,116504.99356
2020-11-03,118.82,121.47,116.0,121.13,95292.37729
2020-11-04,121.18,121.82,113.6,115.67,121984.35128
2020-11-05,115.77,125.0,110.5,119.56,155407.85216
2020-11-06,119.51,124.26,116.29,119.37,127649.03125
2020-11-07,119.34,126.04,109.62,110.96,165912.07807
2020-11-08,111.03,120.98,109.61,120.33,80211.84229
2020-11-09,120.26,122.1,114.04,115.89,116465.70322
2020-11-10,115.89,117.94,114.05,115.54,57758.17237
2020-11-11,115.55,118.0,113.12,113.13,83359.02436
2020-11-12,113.12,115.06,110.09,112.16,94916.88949
2020-11-13,112.16,115.0,111.52,114.09,72394.10452
2020-11-14,114.1,117.63,113.15,116.89,82724.29824
2020-11-15,116.92,117.98,112.86,114.6,60211.76256
2020-11-16,114.62,119.97,113.49,118.52,93076.75528
2020-11-17,118.45,125.71,117.79,125.55,106174.35002
2020-11-18,125.48,126.5,118.83,123.51,143792.70839
2020-11-19,123.55,123.8,116.94,118.49,107567.94501
2020-11-20,118.44,123.02,117.95,121.04,118458.69929
2020-11-21,121.01,129.53,119.51,128.46,138732.15351
2020-11-22,128.49,129.72,119.17,123.65,146364.0947
2020-11-23,123.67,131.0,122.4,129.88,152118.50765
2020-11-24,129.86,142.85,126.32,135.15,309909.03792
2020-11-25,135.07,138.72,125.16,128.8,180359.3215
2020-11-26,128.85,132.37,108.07,119.98,280579.01746
2020-11-27,119.97,122.17,111.53,117.32,113857.03218
2020-11-28,117.33,124.99,114.32,122.03,84091.39691
2020-11-29,122.03,125.94,119.19,123.94,89194.22132
2020-11-30,123.97,130.77,121.5,130.65,92935.77272
2020-12-01,130.65,132.72,120.5,125.79,129097.47739
2020-12-02,125.79,129.27,123.7,127.92,80009.02266
2020-12-03,127.82,133.72,126.41,133.54,72157.98175
2020-12-04,133.39,135.65,126.35,126.57,106738.55076
2020-12-05,126.57,133.91,124.26,133.49,61239.57256
2020-12-06,133.47,134.71,128.2,134.33,76285.14568
2020-12-07,134.37,144.11,133.93,138.61,177805.88755
2020-12-08,138.61,143.26,132.68,135.87,117089.96113
2020-12-09,135.8,136.01,127.0,132.46,99010.87271
2020-12-10,132.45,135.06,129.3,133.6,76095.94348
2020-12-11,133.7,142.25,130.0,141.43,130284.06743
2020-12-12,141.43,150.0,141.02,146.82,199705.27348
2020-12-13,146.75,152.4,143.81,152.12,107916.2472
2020-12-14,152.01,157.65,150.49,152.52,171876.95912
2020-12-15,152.53,155.61,150.44,150.5,92104.8752
2020-12-16,150.5,159.29,147.33,158.93,143545.97912
2020-12-17,158.81,163.95,153.8,160.42,193932.29184
2020-12-18,160.39,160.48,153.06,154.44,94632.13838
2020-12-19,154.61,158.76,153.7,154.6,69815.6437
2020-12-20,154.58,156.96,151.0,152.42,69065.04122
2020-12-21,152.27,153.67,142.64,145.66,72514.00597
2020-12-22,145.66,157.53,143.75,156.56,88144.81008
2020-12-23,156.57,169.04,147.93,150.92,242140.8177
2020-12-24,150.73,158.79,146.35,156.86,127817.97842
2020-12-25,156.72,161.0,152.44,159.14,92747.62363
2020-12-26,159.21,168.34,158.79,168.21,115049.58171
2020-12-27,168.24,171.32,155.9,156.99,148301.77178
2020-12-28,156.99,168.6,156.35,166.64,83798.08903
2020-12-29,166.47,167.48,155.0,161.54,94332.08499
2020-12-30,161.54,164.26,157.5,159.55,83783.64252
2020-12-31,159.55,161.66,155.36,156.22,69130.22602
2021-01-01,156.2,169.09,130.23,135.81,361562.691
2021-01-02,135.73,145.56,128.32,143.52,378478.37786
2021-01-03,143.52,145.08,131.0,138.26,231236.74832
2021-01-04,138.24,143.9,128.72,133.79,222339.6175
2021-01-05,133.76,139.6,129.04,136.0,176543.99308
2021-01-06,136.0,142.37,132.53,142.31,152929.80342
2021-01-07,142.37,153.1,139.3,142.9,270122.85833
2021-01-08,142.95,150.28,135.37,142.11,220252.53289
2021-01-09,142.13,149.05,139.07,147.4,146593.42187
2021-01-10,147.36,190.0,147.36,184.89,516930.37464
2021-01-11,185.03,186.42,142.0,157.96,674009.48764
2021-01-12,157.94,174.24,153.69,159.09,286848.82637
2021-01-13,159.16,173.26,152.29,171.55,161045.00438
2021-01-14,171.2,171.87,160.61,163.81,139646.04048
2021-01-15,163.86,167.82,147.47,156.98,152092.38865
2021-01-16,156.99,162.0,152.49,155.56,96580.18228
2021-01-17,155.57,164.49,149.77,159.65,141244.30475
2021-01-18,159.61,160.81,150.22,156.98,146966.50805
2021-01-19,156.93,165.62,152.54,157.27,206048.40928
2021-01-20,157.14,161.58,146.02,152.77,131646.4654
2021-01-21,152.78,153.14,128.02,130.53,221398.52587
2021-01-22,130.54,141.22,121.82,135.79,156728.55625
2021-01-23,135.78,141.76,133.74,139.03,90972.2857
2021-01-24,139.06,143.06,134.07,138.03,88779.3568
2021-01-25,138.04,145.55,136.8,137.16,107565.03753
2021-01-26,137.14,141.0,133.2,137.85,121047.07044
2021-01-27,137.86,138.18,125.06,125.45,146810.79287
2021-01-28,125.41,140.21,123.55,135.43,216338.01303
2021-01-29,135.51,150.0,132.07,140.31,180825.51866
2021-01-30,140.34,142.18,136.16,139.43,84838.81419
2021-01-31,139.44,140.45,132.17,137.73,81249.04002
2021-02-01,137.73,146.29,135.64,143.36,142330.8157
2021-02-02,143.32,151.97,142.75,151.19,98757.06911
2021-02-03,151.2,155.24,150.15,154.6,107458.32209
2021-02-04,154.65,155.51,147.68,148.04,97493.70597
2021-02-05,148.09,156.43,147.41,155.4,105835.81866
2021-02-06,155.46,158.16,152.0,152.06,98267.18616
2021-02-07,152.11,156.08,147.21,150.31,108689.49578
2021-02-08,150.3,163.84,147.22,163.21,131063.01992
2021-02-09,163.09,178.0,158.5,169.14,154738.08161
2021-02-10,169.09,183.0,165.0,175.6,171067.85337
2021-02-11,175.5,192.55,170.55,190.49,216880.77219
2021-02-12,190.48,215.8,190.28,200.64,284477.16557
2021-02-13,200.57,255.32,196.39,240.99,395012.9359
2021-02-14,241.1,243.2,223.01,230.14,195501.77804
2021-02-15,230.13,234.15,200.83,228.21,224464.36218
2021-02-16,228.24,237.0,210.22,221.48,145693.52089
2021-02-17,221.43,275.0,220.73,272.25,283425.7372
2021-02-18,272.11,276.69,246.33,260.94,159588.32269
2021-02-19,261.17,283.94,252.5,282.51,167163.83879
2021-02-20,282.21,288.8,245.55,255.11,220107.16037
2021-02-21,255.02,261.26,243.46,247.28,159592.20158
2021-02-22,247.37,248.66,186.95,224.22,283427.71478
2021-02-23,224.29,225.57,170.15,220.85,340782.27824
2021-02-24,221.04,225.61,197.8,204.27,212105.58419
2021-02-25,204.52,218.58,196.0,198.98,131498.34269
2021-02-26,198.61,217.92,193.51,204.2,177306.27464
2021-02-27,204.16,223.2,203.54,209.26,124307.97213
2021-02-28,209.34,227.5,198.24,219.18,199009.46387
2021-03-01,219.23,230.72,209.92,230.4,114755.59135
2021-03-02,230.56,232.51,211.0,220.04,99961.5174
2021-03-03,220.14,228.99,215.65,218.7,125359.45832
2021-03-04,218.82,223.93,209.66,217.52,101341.12347
2021-03-05,217.31,217.58,202.69,205.84,88002.69962
2021-03-06,205.83,208.13,198.15,204.35,115437.07406
2021-03-07,204.51,210.27,202.17,208.99,73427.75486
2021-03-08,209.07,221.24,204.0,221.08,104651.61369
2021-03-09,221.02,228.99,218.04,225.16,101112.21848
2021-03-10,224.98,227.39,214.7,220.19,90560.90849
2021-03-11,220.16,226.34,212.76,221.11,88910.63827
2021-03-12,221.06,226.02,214.9,222.85,80249.23799
2021-03-13,222.89,239.46,218.1,239.46,101280.98881
2021-03-14,239.44,241.0,229.21,232.25,90506.24317
2021-03-15,232.21,238.19,215.39,221.88,126952.3331
2021-03-16,221.93,229.99,211.08,229.92,102570.64095
2021-03-17,229.92,237.37,225.61,236.2,103403.79291
2021-03-18,235.87,240.33,227.53,228.04,99810.52231
2021-03-19,228.03,236.01,223.28,231.43,87290.07264
2021-03-20,231.42,237.31,230.21,231.95,55535.75692
2021-03-21,231.99,238.88,225.79,231.66,76229.70607
2021-03-22,231.71,233.27,217.0,217.08,97236.62201
2021-03-23,217.11,225.13,211.46,218.02,99344.8244
2021-03-24,217.94,230.0,206.58,210.67,96133.42596
2021-03-25,210.75,221.48,204.59,214.33,96580.57907
2021-03-26,214.45,225.93,214.2,221.7,75708.88941
2021-03-27,221.68,223.9,214.03,221.27,63852.42557
2021-03-28,221.25,233.0,217.51,232.66,108768.14933
2021-03-29,232.64,241.9,230.55,233.8,108484.63539
2021-03-30,233.8,247.5,232.28,244.39,103504.67258
2021-03-31,244.37,264.0,242.22,245.8,178369.52639
2021-04-01,245.82,255.55,244.42,250.65,110224.84804
2021-04-02,250.65,261.4,249.0,257.7,126702.70643
2021-04-03,257.72,267.22,253.18,257.23,109072.31411
2021-04-04,257.2,272.5,247.12,263.6,159614.35177
2021-04-05,263.49,270.0,260.0,265.37,118545.24642
2021-04-06,265.56,277.2,261.58,270.68,123865.71576
2021-04-07,270.73,280.0,252.68,257.44,186019.49264
2021-04-08,257.26,271.88,250.54,269.69,112446.41379
2021-04-09,269.69,290.0,265.94,273.37,126545.26566
2021-04-10,273.37,299.0,272.98,291.72,181166.11218
2021-04-11,291.79,329.51,291.35,328.9,182394.78305
2021-04-12,328.93,345.0,313.67,314.32,221086.95365
2021-04-13,314.29,331.38,307.0,327.43,156125.65899
2021-04-14,327.62,331.1,308.29,320.65,126806.44872
2021-04-15,320.71,347.88,318.4,344.4,121789.11963
2021-04-16,344.2,347.0,313.49,340.66,151851.51493
2021-04-17,340.61,375.4,340.58,363.77,214569.34882
2021-04-18,363.69,376.24,281.0,338.48,283448.8737
2021-04-19,338.45,366.25,305.12,358.07,266251.51766
2021-04-20,357.45,415.4,328.01,404.34,453203.21601
2021-04-21,404.49,426.47,372.5,375.44,358054.95445
2021-04-22,375.39,390.99,343.32,346.68,217278.20616
2021-04-23,346.77,355.0,300.47,354.37,303931.55487
2021-04-24,354.73,397.28,338.01,381.18,209628.37482
2021-04-25,381.45,406.45,334.65,355.44,198016.52708
2021-04-26,355.35,406.14,340.04,405.46,208448.37907
2021-04-27,405.43,413.0,384.78,401.6,132782.10155
2021-04-28,401.65,440.0,399.15,413.54,223848.53162
2021-04-29,413.28,426.04,399.0,407.32,126240.6008
2021-04-30,407.32,423.01,403.1,421.78,137253.18848
2021-05-01,421.67,434.56,415.5,425.76,112349.41376
2021-05-02,425.77,427.0,400.0,404.46,85980.8397
2021-05-03,404.28,426.49,399.16,411.31,140824.84729
2021-05-04,411.46,411.95,378.28,379.54,179530.18136
2021-05-05,379.53,418.0,375.69,417.16,137891.45801
2021-05-06,417.11,435.99,404.25,422.45,190139.20309
2021-05-07,422.42,519.13,422.2,454.81,491677.6696
2021-05-08,454.74,488.98,451.24,475.59,179011.98516
2021-05-09,475.95,486.67,446.08,484.0,139892.38562
2021-05-10,484.29,497.55,422.22,441.03,160293.84112
2021-05-11,441.56,454.67,420.1,453.41,155338.82386
2021-05-12,453.42,480.0,385.3,396.06,196103.8343
2021-05-13,395.47,420.97,369.78,402.34,201834.77761
2021-05-14,402.43,422.28,394.3,412.91,112687.6801
2021-05-15,412.84,441.99,381.05,382.38,224708.68969
2021-05-16,382.47,404.47,371.0,390.65,158043.70334
2021-05-17,390.55,390.57,329.95,339.87,210847.14119
2021-05-18,339.8,360.88,326.23,341.02,138408.52483
2021-05-19,340.89,347.0,124.69,197.34,541247.34555
2021-05-20,197.58,289.99,180.0,280.79,443567.52211
2021-05-21,280.7,329.99,227.02,256.2,805091.39058
2021-05-22,256.18,262.59,222.46,231.12,399180.83523
2021-05-23,231.03,261.24,174.33,225.5,474782.73527
2021-05-24,225.81,256.94,214.66,256.22,279996.57079
2021-05-25,256.39,265.5,226.55,246.62,198293.23228
2021-05-26,246.66,275.0,242.63,268.53,189377.88116
2021-05-27,268.55,269.2,242.89,252.84,155071.73981
2021-05-28,252.81,267.22,218.99,262.1,244055.00517
2021-05-29,262.3,297.4,229.15,243.16,376103.62903
2021-05-30,243.13,268.45,226.02,261.9,144914.3873
2021-05-31,261.88,275.86,242.45,272.21,138570.24074
2021-06-01,272.11,276.5,252.5,266.37,136533.41927
2021-06-02,266.4,295.0,262.5,294.63,131447.47903
2021-06-03,294.63,316.23,285.67,309.57,177007.95518
2021-06-04,309.62,312.24,267.65,287.36,156030.11142
2021-06-05,287.41,295.14,256.91,264.01,166798.80051
2021-06-06,263.91,276.9,262.34,272.5,103782.64721
2021-06-07,272.5,282.16,247.0,249.02,117987.97191
2021-06-08,248.96,255.73,222.27,253.61,157186.22259
2021-06-09,253.59,275.31,237.22,274.87,155100.8423
2021-06-10,274.77,283.0,254.3,255.6,143655.2417
2021-06-11,255.62,258.61,240.33,242.89,93280.82417
2021-06-12,242.9,251.8,232.0,243.04,97936.08283
2021-06-13,243.06,262.29,237.45,260.75,71157.77901
2021-06-14,260.79,275.59,258.44,275.57,109891.70905
2021-06-15,275.51,285.5,272.1,278.15,124525.83183
2021-06-16,278.14,288.66,259.35,262.94,106485.21447
2021-06-17,262.9,281.95,261.77,277.12,95468.77049
2021-06-18,277.17,280.0,260.88,265.77,172250.17329
2021-06-19,265.88,282.15,263.07,267.9,125224.15244
2021-06-20,267.96,271.36,247.66,264.53,119084.38746
2021-06-21,264.56,265.71,200.17,203.05,227728.00656
2021-06-22,202.98,225.94,180.07,201.81,326674.32575
2021-06-23,201.81,224.14,192.59,218.51,179935.74855
2021-06-24,218.66,227.26,204.25,225.74,145645.61889
2021-06-25,225.76,227.76,192.64,194.95,174432.91431
2021-06-26,194.85,202.95,185.13,202.84,130234.09925
2021-06-27,202.83,212.05,195.51,211.92,85327.16509
2021-06-28,211.92,217.59,205.91,213.17,110639.16637
2021-06-29,213.25,227.04,212.17,217.89,119238.18174
2021-06-30,217.81,223.84,208.81,223.06,118266.61867
2021-07-01,223.09,223.37,203.18,205.44,124184.65086
2021-07-02,205.52,211.86,199.3,211.35,84529.23072
2021-07-03,211.35,216.35,206.7,214.86,68396.1177
2021-07-04,214.83,225.3,212.88,219.92,85565.30008
2021-07-05,219.87,220.55,205.63,214.47,101846.00844
2021-07-06,214.45,222.34,211.77,221.75,96336.9229
2021-07-07,221.74,231.61,214.21,215.17,106321.98914
2021-07-08,215.01,215.77,201.82,205.23,108787.59766
2021-07-09,205.27,215.0,199.69,212.87,78935.16088
2021-07-10,212.86,217.63,206.74,209.7,71042.4183
2021-07-11,209.66,214.68,207.88,211.52,59523.5112
2021-07-12,211.88,216.81,203.04,206.25,80874.38255
2021-07-13,206.17,211.58,200.39,203.83,82552.12103
2021-07-14,203.8,205.04,192.24,203.38,89484.6842
2021-07-15,203.42,205.56,190.17,196.71,96234.28883
2021-07-16,196.67,200.0,191.33,192.95,88632.01419
2021-07-17,192.89,199.72,191.0,197.56,69494.96323
2021-07-18,197.61,205.0,196.87,199.41,69717.77611
2021-07-19,199.51,200.4,187.56,189.02,104598.70387
2021-07-20,189.1,191.63,178.6,182.89,129942.42816
2021-07-21,182.89,200.41,178.92,196.77,123449.12482
2021-07-22,196.77,202.54,190.02,197.7,79271.28115
2021-07-23,197.7,203.96,194.29,203.96,64892.43527
2021-07-24,203.92,210.77,201.76,208.52,65329.56765
2021-07-25,208.49,214.67,203.96,212.91,62907.91275
2021-07-26,212.87,234.97,212.5,218.07,147828.05282
2021-07-27,218.07,226.65,214.0,225.59,107501.40675
2021-07-28,225.64,235.5,222.19,235.44,100130.16552
2021-07-29,235.35,248.12,230.7,241.67,94610.20565
2021-07-30,241.67,245.44,230.0,242.01,94946.19867
2021-07-31,242.01,249.06,234.29,239.86,110571.68197
2021-08-01,239.87,249.47,232.0,235.45,99286.66861
2021-08-02,235.57,244.63,228.18,232.58,96306.98945
2021-08-03,232.68,236.83,223.53,226.02,87241.24625
2021-08-04,225.93,245.71,223.0,244.38,87333.6802
2021-08-05,244.27,254.04,237.26,252.84,123186.59051
2021-08-06,252.91,267.75,250.51,263.09,119600.81536
2021-08-07,263.18,275.92,258.79,271.83,107894.54117
2021-08-08,271.86,274.79,256.0,257.12,121945.94812
2021-08-09,257.23,271.99,253.64,269.31,103405.03362
2021-08-10,269.3,271.08,260.14,266.34,92781.63147
2021-08-11,266.51,279.38,265.72,268.03,108037.41405
2021-08-12,268.04,276.62,252.24,257.42,101149.86177
2021-08-13,257.5,273.45,254.81,272.89,77292.38831
2021-08-14,273.0,279.39,264.69,271.6,84299.86573
2021-08-15,271.53,275.0,261.52,271.86,85488.44583
2021-08-16,271.8,285.0,266.11,266.5,110111.97887
2021-08-17,266.65,278.06,255.31,256.23,94669.40781
2021-08-18,256.4,262.07,245.66,252.51,104687.31298
2021-08-19,252.56,264.36,247.02,264.19,84771.38526
2021-08-20,264.18,283.29,262.0,282.06,132069.25514
2021-08-21,282.06,293.42,272.5,287.98,128307.88338
2021-08-22,287.96,306.77,275.03,306.38,159147.03919
2021-08-23,306.3,334.41,301.81,318.17,174067.87106
2021-08-24,318.05,339.72,302.67,307.33,184572.94434
2021-08-25,307.33,325.14,297.45,314.29,144898.5446
2021-08-26,314.21,317.75,286.1,291.4,115659.10583
2021-08-27,291.4,316.7,285.7,315.0,93122.31979
2021-08-28,314.8,316.6,298.2,300.5,65929.269
2021-08-29,300.6,306.8,287.1,291.4,90748.115
2021-08-30,291.4,295.1,280.1,281.8,104991.53114
2021-08-31,281.9,292.7,279.2,285.8,86153.62113
2021-09-01,285.8,303.6,280.0,302.9,103799.747
2021-09-02,302.8,309.5,297.5,302.5,92049.363
2021-09-03,302.5,309.7,296.6,304.1,84262.602
2021-09-04,304.2,311.4,298.5,305.1,69896.161
2021-09-05,305.2,319.6,299.6,315.4,104246.54624
2021-09-06,315.4,321.7,300.3,314.8,116946.45259
2021-09-07,314.8,316.3,232.0,263.2,255180.90384
2021-09-08,263.3,271.1,245.0,257.1,176421.283
2021-09-09,257.2,267.0,253.5,261.8,137862.402
2021-09-10,261.7,268.3,244.2,249.2,113032.06
2021-09-11,249.2,258.8,247.2,249.8,80660.835
2021-09-12,249.8,258.5,246.2,256.2,88817.468
2021-09-13,256.3,270.7,241.1,263.3,228138.796
2021-09-14,263.4,275.5,255.8,269.1,177878.858
2021-09-15,269.1,275.0,265.3,269.3,100897.726
2021-09-16,269.4,273.3,259.6,264.0,102061.362
2021-09-17,263.9,267.7,256.9,262.7,72689.95
2021-09-18,262.7,272.0,259.9,271.7,67880.329
2021-09-19,271.8,276.5,258.1,259.8,83890.531
2021-09-20,259.9,261.6,225.9,232.7,183120.75668
2021-09-21,232.7,237.5,212.0,218.0,150502.66975
2021-09-22,218.2,245.5,214.4,245.1,108780.762
2021-09-23,245.0,255.6,243.2,249.1,92112.901
2021-09-24,248.9,254.6,222.7,233.6,169465.965
2021-09-25,233.5,242.4,229.8,235.8,102763.576
2021-09-26,235.7,237.1,221.7,234.2,138917.997
2021-09-27,234.1,248.1,233.7,234.3,112243.201
2021-09-28,234.3,243.7,228.2,229.6,108966.893
2021-09-29,229.6,240.7,228.8,233.6,84941.996
2021-09-30,233.6,254.3,232.8,251.1,99198.013
2021-10-01,251.0,261.6,243.0,257.5,135878.427
2021-10-02,257.6,262.5,251.3,252.8,95213.202
2021-10-03,252.8,263.8,250.1,259.3,91600.901
2021-10-04,259.4,267.3,251.2,264.8,99294.554
2021-10-05,265.0,275.9,261.1,270.8,136475.869
2021-10-06,270.8,294.9,262.3,286.5,177874.142
2021-10-07,286.5,296.8,275.7,277.8,149360.851
2021-10-08,277.9,286.8,275.9,277.9,114299.678
2021-10-09,278.0,282.3,273.5,278.4,78453.807
2021-10-10,278.4,282.6,269.2,270.0,67879.576
2021-10-11,270.1,280.0,265.2,276.7,113796.893
2021-10-12,276.7,281.0,268.1,277.2,110990.419
2021-10-13,277.3,283.4,269.2,274.3,88679.26
2021-10-14,274.5,274.8,264.0,266.8,82726.828
2021-10-15,266.8,279.2,260.9,274.1,125756.912
2021-10-16,274.1,274.8,265.0,268.0,93570.065
2021-10-17,268.0,268.4,253.1,261.1,80307.882
2021-10-18,261.2,264.5,252.4,256.5,75956.274
2021-10-19,256.5,260.5,251.4,255.0,71420.444
2021-10-20,255.0,265.9,253.2,260.0,89428.994
2021-10-21,260.3,275.6,257.5,271.0,142658.612
2021-10-22,271.0,275.3,263.8,266.3,94430.585
2021-10-23,266.4,269.8,261.1,267.3,50666.779
2021-10-24,267.4,295.3,266.5,289.3,173343.887
2021-10-25,289.3,299.0,283.9,286.6,149746.819
2021-10-26,286.7,295.0,269.6,279.9,197648.885
2021-10-27,280.0,283.5,247.8,255.6,194732.833
2021-10-28,255.6,271.1,252.8,267.2,157374.604
2021-10-29,267.2,271.3,264.8,269.0,91097.603
2021-10-30,268.9,270.0,260.5,263.3,71348.005
2021-10-31,263.3,276.2,262.7,274.9,94958.944
2021-11-01,275.0,283.0,267.0,271.1,95192.492
2021-11-02,271.0,277.6,267.8,275.0,69536.097
2021-11-03,275.2,275.3,263.6,266.1,84756.58
2021-11-04,266.1,267.0,256.0,260.7,70814.139
2021-11-05,260.7,263.0,253.3,255.0,84430.214
2021-11-06,254.9,262.7,249.0,259.9,59908.994
2021-11-07,259.9,266.9,258.9,266.8,65333.504
2021-11-08,266.7,275.2,261.7,275.0,116618.817
2021-11-09,274.9,294.1,268.9,289.4,170016.062
2021-11-10,289.4,292.9,260.0,267.1,178580.127
2021-11-11,267.1,271.2,261.0,263.8,132324.954
2021-11-12,263.8,267.0,252.0,260.7,96648.965
2021-11-13,260.7,275.0,258.1,270.7,74891.319
2021-11-14,270.7,281.8,266.6,275.0,89539.028
2021-11-15,275.0,279.0,265.1,268.1,96046.614
2021-11-16,268.0,268.2,200.0,240.7,190978.88933
2021-11-17,240.9,244.7,230.7,241.6,114701.74
2021-11-18,241.7,244.3,223.9,226.4,146910.503
2021-11-19,226.4,239.9,224.2,238.3,81697.543
2021-11-20,238.4,251.9,237.0,247.2,88434.437
2021-11-21,247.3,253.7,241.8,250.5,66985.169
2021-11-22,250.5,251.2,229.0,231.7,104736.762
2021-11-23,231.8,241.0,225.7,237.4,101664.59
2021-11-24,237.4,247.0,233.1,243.9,154930.174
2021-11-25,243.9,251.0,241.5,248.2,110662.284
2021-11-26,248.3,249.6,216.6,226.9,133065.845
2021-11-27,226.9,233.8,219.0,228.1,82960.118
2021-11-28,228.1,239.4,219.9,239.1,94642.072
2021-11-29,239.1,240.3,233.3,235.8,101679.285
2021-11-30,235.7,256.6,228.1,238.0,147281.872
2021-12-01,238.1,243.0,227.2,230.6,108049.635
2021-12-02,230.7,241.9,225.5,239.5,101544.4
2021-12-03,239.4,244.0,217.3,223.4,125709.419
2021-12-04,223.3,225.5,177.5,204.7,205902.83534
2021-12-05,204.5,206.6,193.1,201.3,84553.032
2021-12-06,201.4,204.0,185.9,201.0,107091.976
2021-12-07,200.7,208.8,199.5,207.0,100540.424
2021-12-08,207.0,214.2,200.5,209.7,93771.404
2021-12-09,209.8,210.7,187.8,189.1,98925.923
2021-12-10,189.0,204.0,185.5,189.9,132204.125
2021-12-11,189.7,199.9,187.2,198.7,78236.527
2021-12-12,198.7,203.0,191.5,197.9,79351.221
2021-12-13,197.8,199.2,181.4,183.8,90382.572
2021-12-14,183.9,188.4,179.8,186.7,72585.293
2021-12-15,186.8,190.8,178.9,188.1,84613.769
2021-12-16,188.2,206.0,184.8,187.1,117445.493
2021-12-17,187.2,188.8,176.5,181.6,74745.726
2021-12-18,181.6,188.0,178.0,181.2,54406.327
2021-12-19,181.2,186.1,178.0,184.0,65497.603
2021-12-20,183.9,194.7,179.3,189.0,127090.21
2021-12-21,189.1,198.0,187.2,189.1,116119.962
2021-12-22,189.1,194.6,186.2,190.6,82783.47
2021-12-23,190.6,215.4,187.5,209.8,149215.604
2021-12-24,209.8,210.6,200.1,204.3,70390.188
2021-12-25,204.4,218.4,203.0,211.1,79247.355
2021-12-26,211.0,217.5,206.1,217.1,62400.011
2021-12-27,217.1,236.9,215.6,220.7,159290.819
2021-12-28,220.9,221.2,207.0,208.8,97205.423
2021-12-29,208.6,219.0,202.7,214.7,75846.687
2021-12-30,214.7,229.2,208.6,225.4,106077.277
2021-12-31,225.3,235.7,223.0,228.7,87680.87
2022-01-01,228.5,255.3,228.5,250.1,127610.759
2022-01-02,250.1,255.0,236.4,239.7,90050.41
2022-01-03,239.7,239.9,223.5,231.5,91828.905
2022-01-04,231.5,233.7,220.0,222.1,83491.13
2022-01-05,222.0,225.3,200.7,206.5,87849.522
2022-01-06,206.5,206.5,193.8,204.4,90650.391
2022-01-07,204.5,209.0,191.8,194.7,124417.038
2022-01-08,194.8,197.8,179.1,183.9,96940.224
2022-01-09,183.9,195.6,183.0,191.0,99503.822
2022-01-10,191.0,194.5,175.0,182.4,97440.278
2022-01-11,182.4,195.0,181.2,192.9,109879.488
2022-01-12,192.9,201.3,192.7,199.1,70516.199
2022-01-13,199.0,230.0,198.0,223.6,247661.839
2022-01-14,223.6,238.9,217.0,229.8,160561.271
2022-01-15,229.8,231.2,217.0,217.7,72202.656
2022-01-16,217.7,228.3,213.1,224.1,64171.981
2022-01-17,224.1,230.7,209.4,214.4,137316.69
2022-01-18,214.5,222.4,199.5,204.1,97886.265
2022-01-19,204.0,213.1,199.1,201.4,96928.786
2022-01-20,201.3,210.0,187.7,188.6,70143.966
2022-01-21,188.5,192.3,167.2,173.0,144845.65722
2022-01-22,172.6,175.5,140.1,152.2,197370.32659
2022-01-23,151.9,158.9,148.0,157.0,104277.473
2022-01-24,156.8,156.8,134.3,146.7,159872.14603
2022-01-25,146.8,147.9,139.4,144.8,187566.558
2022-01-26,144.8,158.8,142.8,148.2,145776.636
2022-01-27,148.2,149.9,139.2,144.7,111453.966
2022-01-28,144.8,149.7,140.8,149.0,70739.183
2022-01-29,149.1,155.6,148.7,153.7,59540.439
2022-01-30,153.5,155.0,145.6,147.9,72118.866
2022-01-31,147.7,148.1,140.4,147.1,87609.091
2022-02-01,147.2,148.2,143.1,146.1,81974.212
2022-02-02,146.1,150.3,143.9,144.9,84731.172
2022-02-03,144.8,147.0,140.3,146.9,68719.049
2022-02-04,146.9,166.0,146.5,165.2,132574.319
2022-02-05,165.2,170.1,161.6,168.5,81783.658
2022-02-06,168.4,174.4,166.4,173.6,56709.732
2022-02-07,173.5,185.3,170.9,184.9,107354.904
2022-02-08,184.8,188.0,174.3,178.7,98514.817
2022-02-09,178.7,186.0,175.5,186.0,71665.387
2022-02-10,186.0,187.3,176.8,179.1,79638.924
2022-02-11,179.1,181.5,165.8,169.3,72362.447
2022-02-12,169.3,175.1,164.0,173.8,61676.542
2022-02-13,173.8,175.3,170.1,173.7,44129.195
2022-02-14,173.9,177.5,167.8,176.1,52005.532
2022-02-15,176.1,183.4,174.5,182.5,88686.009
2022-02-16,182.5,183.8,177.8,179.1,53746.812
2022-02-17,179.0,181.0,163.0,163.7,72969.557
2022-02-18,163.6,167.2,158.9,160.1,75841.721
2022-02-19,160.2,165.6,158.1,161.1,75555.457
2022-02-20,161.0,161.6,151.0,153.7,62983.403
2022-02-21,153.8,162.1,147.1,147.8,107435.565
2022-02-22,147.9,151.5,140.4,150.9,92666.051
2022-02-23,150.9,156.2,147.9,148.7,56618.403
2022-02-24,148.8,152.2,132.1,147.0,135585.413
2022-02-25,147.1,156.1,145.1,153.9,87359.783
2022-02-26,153.9,159.9,151.7,157.8,62181.085
2022-02-27,157.8,159.7,148.3,150.6,78036.481
2022-02-28,150.6,171.0,148.5,170.4,99977.828
2022-03-01,170.3,179.7,170.2,177.5,81134.113
2022-03-02,177.6,181.2,172.7,177.7,81818.719
2022-03-03,177.6,181.3,170.3,171.9,82667.764
2022-03-04,172.0,179.3,156.0,159.9,124552.316
2022-03-05,159.8,166.0,155.7,166.0,52279.23
2022-03-06,166.0,173.7,158.7,158.9,131838.868
2022-03-07,158.9,163.0,153.4,157.8,90999.026
2022-03-08,157.8,278.0,157.1,203.1,330865.087
2022-03-09,203.2,208.1,185.4,188.5,408028.726
2022-03-10,188.5,192.5,165.2,178.6,219213.086
2022-03-11,178.6,178.6,166.7,170.6,134645.374
2022-03-12,170.6,186.9,169.5,185.4,143653.507
2022-03-13,185.4,194.6,174.0,175.6,175340.034
2022-03-14,175.6,186.5,173.7,185.9,112903.146
2022-03-15,185.8,191.6,176.7,183.0,147211.048
2022-03-16,183.1,193.3,182.2,189.3,154716.817
2022-03-17,189.3,192.0,185.4,187.6,78835.175
2022-03-18,187.8,196.8,185.8,195.1,93270.813
2022-03-19,195.1,202.1,190.9,197.4,112391.227
2022-03-20,197.3,205.0,193.9,194.8,92841.609
2022-03-21,194.7,195.6,188.1,191.5,89742.121
2022-03-22,191.4,198.2,189.5,193.8,72617.588
2022-03-23,193.8,197.5,190.8,197.0,47640.276
2022-03-24,197.1,204.5,193.7,203.7,85495.992
2022-03-25,203.8,205.2,198.6,199.6,85739.107
2022-03-26,199.6,210.0,199.2,206.8,72481.227
2022-03-27,206.8,216.1,205.1,215.6,82324.465
2022-03-28,215.5,221.8,212.6,214.8,83938.469
2022-03-29,214.7,227.1,214.4,222.1,80372.358
2022-03-30,222.0,223.9,215.7,221.2,80139.594
2022-03-31,221.2,223.5,210.5,212.7,75730.1
2022-04-01,212.7,222.0,208.6,218.4,87275.481
2022-04-02,218.3,223.7,211.7,212.6,81797.076
2022-04-03,212.6,219.1,209.0,217.3,47642.237
2022-04-04,217.4,224.2,211.4,222.1,75282.505
2022-04-05,222.2,228.7,217.8,222.4,108471.604
2022-04-06,222.3,224.9,211.2,213.1,123540.23
2022-04-07,213.1,228.3,212.4,226.0,116860.529
2022-04-08,225.9,227.8,214.9,217.2,91833.059
2022-04-09,217.2,245.0,215.9,239.8,217505.316
2022-04-10,239.8,244.8,228.4,235.8,142834.687
2022-04-11,235.6,244.2,215.2,226.2,293540.024
2022-04-12,226.2,275.0,224.6,232.6,345563.671
2022-04-13,232.7,239.0,227.3,237.1,95750.899
2022-04-14,237.1,240.8,223.4,229.3,85644.065
2022-04-15,229.2,240.5,228.0,239.4,82844.01
2022-04-16,239.5,239.7,227.9,236.2,70713.004
2022-04-17,236.1,244.0,234.7,241.4,68743.816
2022-04-18,241.3,272.0,233.5,266.2,256320.093
2022-04-19,266.3,268.9,250.0,253.9,156862.755
2022-04-20,253.9,271.8,251.0,267.0,183808.754
2022-04-21,267.0,289.5,266.1,278.5,255302.856
2022-04-22,278.5,289.5,261.1,268.5,169658.782
2022-04-23,268.3,279.1,262.5,266.6,95025.018
2022-04-24,266.6,269.2,247.5,252.7,109215.15
2022-04-25,252.6,260.0,237.1,254.3,140622.176
2022-04-26,254.2,264.6,227.1,230.0,151914.877
2022-04-27,230.0,236.2,221.5,229.4,130224.801
2022-04-28,229.5,238.0,223.5,227.5,110074.486
2022-04-29,227.4,236.2,216.7,220.5,127117.222
2022-04-30,220.5,234.2,212.0,214.1,144669.6
2022-05-01,214.1,228.2,208.2,211.9,138441.093
2022-05-02,212.0,216.6,196.1,199.6,156613.914
2022-05-03,199.5,216.1,198.7,207.2,145612.84
2022-05-04,207.2,225.8,206.1,225.3,129304.548
2022-05-05,225.3,229.8,197.3,206.6,149383.587
2022-05-06,206.5,219.0,200.2,218.8,131606.701
2022-05-07,218.9,223.6,199.0,204.9,123410.643
2022-05-08,205.0,222.3,199.7,217.0,213132.122
2022-05-09,217.1,221.0,172.1,173.5,243673.994
2022-05-10,173.4,189.6,150.7,163.0,261661.926
2022-05-11,162.9,180.0,137.8,140.8,335681.772
2022-05-12,140.7,157.0,119.0,137.8,315846.02813
2022-05-13,137.7,155.8,135.3,144.1,146483.0
2022-05-14,143.9,155.3,133.0,153.5,108817.892
2022-05-15,153.4,178.0,150.8,172.1,135008.131
2022-05-16,172.2,176.0,160.0,162.5,133862.178
2022-05-17,162.4,177.9,162.0,172.8,103479.19
2022-05-18,172.8,176.0,154.3,155.1,107518.353
2022-05-19,155.1,170.3,150.7,166.0,124933.196
2022-05-20,165.8,181.8,163.2,174.1,212635.12
2022-05-21,174.0,181.1,170.3,175.9,105014.322
2022-05-22,175.8,188.6,172.4,187.0,95082.184
2022-05-23,187.1,205.4,165.0,185.3,263353.06
2022-05-24,185.4,197.0,183.7,193.1,159986.063
2022-05-25,193.0,205.9,191.4,204.2,195514.023
2022-05-26,204.2,207.2,184.8,189.3,180425.742
2022-05-27,189.3,190.9,176.1,180.9,139713.478
2022-05-28,180.8,184.4,174.1,176.0,73638.293
2022-05-29,175.9,188.3,167.5,186.0,102369.69
2022-05-30,185.9,209.7,182.8,204.1,136562.329
2022-05-31,204.0,208.6,190.1,198.6,196414.438
2022-06-01,198.5,203.8,192.8,198.8,130273.766
2022-06-02,198.8,204.5,192.2,201.4,93930.049
2022-06-03,201.3,203.0,187.4,193.6,93746.21
2022-06-04,193.6,196.1,188.0,189.1,71316.258
2022-06-05,189.1,191.9,185.7,187.9,60566.657
2022-06-06,187.9,195.8,187.7,189.2,76052.024
2022-06-07,189.2,195.4,180.0,187.5,78043.214
2022-06-08,187.4,189.6,182.1,186.5,48568.63
2022-06-09,186.5,189.9,182.1,185.9,49760.664
2022-06-10,185.8,186.7,172.1,174.3,80062.053
2022-06-11,174.4,178.6,160.7,166.5,83515.173
2022-06-12,166.7,167.2,152.4,158.2,94953.102
2022-06-13,158.2,160.4,127.8,132.8,243975.272
2022-06-14,132.7,134.3,115.8,118.3,322236.909
2022-06-15,118.4,119.5,104.0,118.5,329512.58512
2022-06-16,118.5,121.1,104.0,106.7,150464.909
2022-06-17,106.7,116.4,105.9,114.5,149352.469
2022-06-18,114.3,115.7,96.7,104.4,190659.80429
2022-06-19,104.4,115.3,100.0,114.4,129557.936
2022-06-20,114.5,118.0,108.5,117.3,105293.428
2022-06-21,117.2,125.4,115.7,119.0,113643.831
2022-06-22,118.9,118.9,110.9,111.2,78960.907
2022-06-23,111.2,123.0,110.7,122.7,61630.637
2022-06-24,122.7,128.9,122.5,126.6,80778.313
2022-06-25,126.6,128.3,121.0,127.4,56355.308
2022-06-26,127.4,134.2,124.7,125.3,81204.138
2022-06-27,125.3,131.4,119.7,120.4,89605.03
2022-06-28,120.5,123.3,116.0,117.6,82380.309
2022-06-29,117.6,125.1,116.8,119.0,106704.54
2022-06-30,119.0,119.7,108.0,113.1,85513.583
2022-07-01,113.2,117.6,110.8,115.4,80110.97
2022-07-02,115.5,119.2,113.2,116.0,88343.861
2022-07-03,116.1,117.9,113.5,116.6,59238.924
2022-07-04,116.5,124.5,115.0,124.0,82904.679
2022-07-05,124.0,125.5,118.6,122.6,91636.653
2022-07-06,122.6,126.9,121.0,125.6,75684.054
2022-07-07,125.5,131.5,125.2,130.4,91731.3
2022-07-08,130.4,133.8,125.0,125.3,79658.706
2022-07-09,125.2,129.2,124.8,127.2,50922.191
2022-07-10,127.1,129.8,120.6,129.8,79923.956
2022-07-11,129.7,133.0,125.6,127.0,165930.588
2022-07-12,126.9,129.4,122.8,123.1,77227.821
2022-07-13,123.1,126.0,117.6,124.2,73515.81
2022-07-14,124.2,135.0,123.2,134.0,74734.366
2022-07-15,134.1,141.5,132.5,138.8,121146.968
2022-07-16,138.9,145.0,135.5,138.9,111834.237
2022-07-17,138.9,142.2,134.1,136.0,68752.111
2022-07-18,136.0,149.0,135.7,146.9,117408.743
2022-07-19,146.9,149.0,139.8,146.3,150812.792
2022-07-20,146.3,153.5,143.0,151.5,149618.706
2022-07-21,151.5,153.2,145.8,151.1,170211.11
2022-07-22,151.0,154.0,148.2,149.0,111201.222
2022-07-23,149.1,151.3,142.1,146.3,68451.182
2022-07-24,146.4,154.0,146.4,151.4,53554.168
2022-07-25,151.4,152.3,143.1,143.4,68099.961
2022-07-26,143.5,151.4,137.9,151.0,123700.358
2022-07-27,151.0,163.0,149.8,161.7,125734.492
2022-07-28,161.5,166.6,156.6,162.4,105027.87
2022-07-29,162.3,166.4,158.7,159.9,86702.571
2022-07-30,160.0,164.0,154.5,155.9,66526.917
2022-07-31,156.0,159.8,153.7,154.8,51091.45
2022-08-01,154.7,161.4,152.0,160.7,66668.641
2022-08-02,160.7,161.8,153.7,156.9,94565.191
2022-08-03,156.8,164.3,155.1,156.7,82592.036
2022-08-04,156.6,163.1,156.2,159.4,67991.704
2022-08-05,159.3,162.5,156.5,161.6,62871.089
2022-08-06,161.6,165.1,160.2,160.6,50207.522
2022-08-07,160.7,171.0,158.2,164.6,115632.182
2022-08-08,164.7,170.0,162.2,166.9,86786.679
2022-08-09,166.9,172.0,155.1,157.7,92256.276
2022-08-10,157.7,169.6,154.0,167.4,109677.696
2022-08-11,167.5,168.6,156.1,158.5,152112.034
2022-08-12,158.5,166.0,156.1,165.2,81694.325
2022-08-13,165.2,167.9,163.4,165.0,73791.037
2022-08-14,165.0,168.4,162.2,164.1,44820.492
2022-08-15,164.1,168.6,161.1,163.1,94765.176
2022-08-16,163.2,174.2,161.8,169.1,111423.671
2022-08-17,169.2,170.8,158.4,168.6,155040.866
2022-08-18,168.7,170.8,158.8,161.1,130033.332
2022-08-19,161.1,161.2,141.7,142.3,186346.445
2022-08-20,142.2,149.8,142.1,148.8,68937.78
2022-08-21,148.8,157.9,148.7,154.3,84962.65
2022-08-22,154.4,155.0,150.3,153.8,72725.581
2022-08-23,153.8,156.0,150.2,154.3,65131.098
2022-08-24,154.4,154.9,150.2,150.6,55117.059
2022-08-25,150.6,155.5,150.2,154.1,53751.478
2022-08-26,154.1,155.5,141.2,142.7,93075.138
2022-08-27,142.6,146.2,141.6,145.1,65688.251
2022-08-28,144.9,149.3,143.9,146.4,64122.771
2022-08-29,146.4,153.1,144.7,152.7,79996.071
2022-08-30,152.6,152.9,147.1,148.7,77826.813
2022-08-31,149.0,152.6,148.3,149.3,71483.734
2022-09-01,149.1,154.8,148.4,154.6,102266.923
2022-09-02,154.6,154.8,150.2,153.3,85283.359
2022-09-03,153.2,155.0,151.5,154.4,43764.199
2022-09-04,154.4,156.3,153.6,155.6,53466.628
2022-09-05,155.5,158.0,154.7,157.6,67998.359
2022-09-06,157.5,160.0,144.4,145.0,99503.169
2022-09-07,145.0,152.5,141.6,149.4,86785.806
2022-09-08,149.4,152.7,147.6,152.2,68465.418
2022-09-09,152.2,161.6,151.7,161.4,77877.975
2022-09-10,161.5,161.9,157.0,157.8,54333.634
2022-09-11,157.8,159.6,154.4,159.2,48571.986
2022-09-12,159.3,167.0,158.1,164.1,96258.885
2022-09-13,164.0,165.7,145.2,145.2,124241.96
2022-09-14,145.4,151.8,144.5,149.9,88475.835
2022-09-15,149.8,151.8,143.8,145.7,89991.786
2022-09-16,145.7,149.5,143.9,149.2,71194.898
2022-09-17,149.2,152.0,147.2,147.6,64953.605
2022-09-18,147.6,149.1,137.8,140.7,87024.917
2022-09-19,140.7,141.9,135.1,140.6,90295.48
2022-09-20,140.5,143.4,139.0,142.4,77120.299
2022-09-21,142.3,145.8,134.2,135.0,76480.649
2022-09-22,135.1,144.4,134.0,144.3,66206.83
2022-09-23,144.3,146.4,137.5,141.5,64247.708
2022-09-24,141.6,144.0,140.5,141.7,46361.345
2022-09-25,141.8,144.7,139.7,141.0,34815.089
2022-09-26,141.0,146.3,139.5,145.7,52010.481
2022-09-27,145.8,153.1,142.8,144.3,84333.851
2022-09-28,144.2,148.2,140.2,147.1,64086.216
2022-09-29,147.1,149.4,146.1,148.5,67511.542
2022-09-30,148.4,150.8,146.3,147.4,47143.753
2022-10-01,147.3,150.4,140.6,141.1,47056.623
2022-10-02,141.1,141.9,136.2,136.9,54482.867
2022-10-03,137.0,141.8,136.4,141.8,60847.081
2022-10-04,141.7,147.9,141.7,146.8,64839.631
2022-10-05,146.8,148.4,143.7,146.2,53736.752
2022-10-06,146.3,153.8,143.4,149.2,122410.749
2022-10-07,149.1,149.7,143.7,146.5,67824.465
2022-10-08,146.6,148.3,145.1,147.6,37600.633
2022-10-09,147.6,149.0,145.1,145.7,40256.994
2022-10-10,145.6,147.9,141.7,142.2,55775.456
2022-10-11,142.3,145.3,140.0,144.8,66384.915
2022-10-12,144.9,146.8,142.5,144.8,59069.524
2022-10-13,144.7,145.4,134.6,142.9,100771.292
2022-10-14,142.9,146.0,139.7,140.6,53063.037
2022-10-15,140.7,142.0,139.1,139.5,56583.155
2022-10-16,139.6,143.5,139.6,143.1,35205.561
2022-10-17,143.2,145.1,142.3,143.7,56387.911
2022-10-18,143.7,148.2,142.5,146.1,112703.765
2022-10-19,146.1,148.7,144.4,145.0,63379.239
2022-10-20,145.0,148.6,140.0,141.1,75181.331
2022-10-21,141.1,143.4,137.0,140.7,55317.694
2022-10-22,140.7,143.1,139.6,142.8,41036.406
2022-10-23,142.7,145.0,142.0,144.6,52741.392
2022-10-24,144.6,144.8,141.3,143.2,56413.049
2022-10-25,143.2,146.5,142.8,143.8,63480.016
2022-10-26,143.9,148.1,143.7,146.9,61247.678
2022-10-27,146.9,150.0,145.0,145.8,75145.31
2022-10-28,145.7,148.3,143.7,146.8,72175.444
2022-10-29,146.8,149.4,145.8,149.0,49535.956
2022-10-30,148.9,150.7,145.8,147.5,42468.841
2022-10-31,147.5,150.8,146.0,149.6,67036.059
2022-11-01,149.6,151.3,148.3,149.7,55520.569
2022-11-02,149.7,155.0,144.8,146.9,74728.034
2022-11-03,146.9,150.4,146.5,149.4,44521.449
2022-11-04,149.2,158.7,148.8,158.6,58000.08
2022-11-05,158.6,162.1,152.0,157.3,74511.508
2022-11-06,157.3,160.5,154.3,154.9,49411.903
2022-11-07,154.9,159.5,146.2,155.2,65130.94
2022-11-08,155.2,157.2,127.0,138.2,117847.881
2022-11-09,138.5,144.4,115.3,119.1,117949.248
2022-11-10,119.2,135.0,117.7,133.3,115669.893
2022-11-11,133.3,134.9,122.1,128.4,112657.145
2022-11-12,128.5,130.6,124.8,128.5,50037.192
2022-11-13,128.6,131.6,126.3,127.2,67299.851
2022-11-14,127.1,130.8,121.8,129.8,85377.975
2022-11-15,129.8,132.8,127.6,129.1,65122.11
2022-11-16,129.1,132.8,126.7,132.1,69366.932
2022-11-17,132.1,133.4,129.9,133.2,78844.192
2022-11-18,133.2,134.9,130.9,133.3,66340.256
2022-11-19,133.2,134.7,131.9,134.4,54075.572
2022-11-20,134.4,134.9,128.7,129.7,60791.011
2022-11-21,129.7,138.4,125.9,126.1,176951.617
2022-11-22,126.1,134.2,125.2,134.1,89326.408
2022-11-23,134.1,137.0,133.0,135.1,117682.29
2022-11-24,135.1,137.5,133.1,136.7,89906.268
2022-11-25,136.7,138.3,133.7,136.3,76140.487
2022-11-26,136.4,139.6,135.5,138.8,62622.367
2022-11-27,138.8,139.8,136.1,136.5,50306.421
2022-11-28,136.3,137.2,132.8,134.9,56402.054
2022-11-29,134.8,146.6,134.1,137.4,106219.11
2022-11-30,137.3,143.1,137.3,142.2,93507.342
2022-12-01,142.2,145.0,141.2,144.4,105405.069
2022-12-02,144.4,146.6,142.9,145.6,72557.223
2022-12-03,145.5,150.0,143.2,145.3,93645.176
2022-12-04,145.2,147.5,142.1,142.2,98878.698
2022-12-05,142.2,146.0,141.4,145.1,87300.352
2022-12-06,145.0,146.1,141.9,143.4,79056.83
2022-12-07,143.4,144.4,141.1,143.9,63295.147
2022-12-08,143.9,148.8,142.9,147.6,78557.407
2022-12-09,147.6,149.5,146.3,149.2,74752.07
2022-12-10,149.2,151.1,148.4,149.7,39909.968
2022-12-11,149.6,152.4,149.2,150.6,48695.602
2022-12-12,150.6,152.6,148.0,150.6,111731.277
2022-12-13,150.6,153.1,148.3,151.6,84460.998
2022-12-14,151.5,152.4,145.5,148.8,120554.068
2022-12-15,148.9,150.0,146.3,149.1,72434.166
2022-12-16,149.2,149.5,140.4,142.0,77558.52
2022-12-17,142.0,144.4,138.5,143.4,48808.782
2022-12-18,143.4,146.1,142.7,144.0,39832.124
2022-12-19,143.9,145.7,142.9,143.8,42985.201
2022-12-20,143.8,147.6,143.7,146.8,48279.895
2022-12-21,146.8,148.8,146.2,147.2,58795.808
2022-12-22,147.2,147.9,143.4,145.3,59802.487
2022-12-23,145.3,147.0,138.6,143.1,74793.169
2022-12-24,143.1,144.2,140.6,143.4,40425.217
2022-12-25,143.3,145.6,143.1,145.1,38492.114
2022-12-26,145.1,147.4,144.2,146.7,64104.857
2022-12-27,146.8,147.6,143.6,145.6,90577.724
2022-12-28,145.6,147.0,143.6,146.8,64561.431
2022-12-29,146.8,147.0,144.0,145.6,76369.538
2022-12-30,145.5,146.5,144.0,145.9,63508.286
2022-12-31,146.0,148.5,145.0,147.3,55671.939
2023-01-01,147.2,149.4,146.3,148.5,37332.812
2023-01-02,148.6,150.0,147.5,147.8,50478.388
2023-01-03,147.8,149.2,147.4,148.4,60687.504
2023-01-04,148.3,152.8,148.2,150.9,89423.639
2023-01-05,150.9,157.8,150.7,156.1,82059.712
2023-01-06,156.1,159.2,152.6,154.8,87436.373
2023-01-07,154.7,156.2,153.5,155.9,58763.275
2023-01-08,156.0,159.0,154.0,155.3,130414.824
2023-01-09,155.4,160.8,155.1,158.7,138280.334
2023-01-10,158.7,163.3,157.5,161.2,127297.195
2023-01-11,161.2,171.6,160.1,168.7,139055.609
2023-01-12,168.7,171.2,163.7,166.6,159535.98
2023-01-13,166.6,170.7,163.9,170.6,78444.83
2023-01-14,170.6,187.7,170.1,175.1,139306.575
2023-01-15,175.2,177.3,171.5,174.4,94416.654
2023-01-16,174.5,176.9,165.2,168.0,81899.521
2023-01-17,168.0,174.9,165.3,171.7,69981.768
2023-01-18,171.7,175.0,160.6,162.9,81804.317
2023-01-19,162.9,166.4,156.6,165.8,128873.066
2023-01-20,165.8,173.9,164.8,173.3,67174.703
2023-01-21,173.3,182.3,171.2,172.9,100871.043
2023-01-22,172.8,181.4,172.4,177.2,45460.054
2023-01-23,177.0,180.3,174.5,179.0,60780.817
2023-01-24,178.9,180.2,168.4,172.1,73569.883
2023-01-25,172.1,176.1,166.1,173.2,65235.426
2023-01-26,173.3,178.5,170.8,172.0,81496.989
2023-01-27,171.8,180.7,167.0,179.9,98323.026
2023-01-28,180.0,186.6,178.1,184.2,83970.475
2023-01-29,184.2,187.1,182.1,186.3,53176.997
2023-01-30,186.1,186.9,174.4,175.9,67407.34
2023-01-31,175.9,180.5,171.8,177.5,73655.497
2023-02-01,177.5,178.7,172.5,177.7,64007.817
2023-02-02,177.7,180.8,171.5,173.1,83586.126
2023-02-03,173.1,175.8,170.2,171.8,86658.661
2023-02-04,171.9,175.0,170.7,172.3,39439.927
2023-02-05,172.2,173.8,165.0,166.6,78950.677
2023-02-06,166.6,168.7,163.3,164.5,60569.821
2023-02-07,164.5,168.4,163.5,168.2,65750.856
2023-02-08,168.2,169.4,162.7,165.6,84989.775
2023-02-09,165.6,168.3,150.0,152.6,98538.127
2023-02-10,152.6,158.7,151.3,154.7,83722.989
2023-02-11,154.7,161.8,153.6,161.4,78630.234
2023-02-12,161.3,163.3,157.9,159.5,71267.182
2023-02-13,159.4,161.9,153.3,155.9,109842.825
2023-02-14,156.0,159.4,153.6,158.5,114333.317
2023-02-15,158.4,165.7,156.7,165.5,90677.447
2023-02-16,165.5,167.2,155.3,155.7,90657.112
2023-02-17,155.7,162.3,154.9,159.6,82599.183
2023-02-18,159.6,163.8,158.8,161.6,53596.909
2023-02-19,161.7,166.5,159.3,162.3,79804.471
2023-02-20,162.2,169.0,160.4,161.7,106187.654
2023-02-21,161.7,163.3,156.3,159.6,70539.397
2023-02-22,159.5,159.9,155.6,157.7,54797.657
2023-02-23,157.8,159.6,150.0,151.9,83324.689
2023-02-24,151.9,154.6,148.6,150.4,47410.452
2023-02-25,150.4,151.7,145.0,149.0,51819.399
2023-02-26,149.1,152.5,148.2,151.3,52568.822
2023-02-27,151.3,152.3,146.2,149.8,50603.228
2023-02-28,149.9,152.4,148.9,150.3,61702.809
2023-03-01,150.3,153.8,150.1,152.7,71544.997
2023-03-02,152.7,153.3,148.6,151.1,67075.299
2023-03-03,151.1,151.4,140.4,145.0,61248.282
2023-03-04,145.0,147.9,144.1,146.7,36031.856
2023-03-05,146.7,150.4,146.2,149.6,37020.607
2023-03-06,149.5,154.4,148.3,154.0,57682.406
2023-03-07,154.1,155.7,148.2,150.3,70785.832
2023-03-08,150.2,151.5,143.1,143.3,76888.072
2023-03-09,143.2,152.4,140.3,142.3,84913.739
2023-03-10,142.3,142.8,132.0,135.2,95480.177
2023-03-11,135.1,142.0,132.3,140.0,94416.102
2023-03-12,139.9,150.4,139.1,149.9,89426.771
2023-03-13,149.9,155.1,145.4,152.3,89809.362
2023-03-14,152.3,157.4,146.7,149.6,113811.03
2023-03-15,149.6,152.0,142.2,146.2,86447.549
2023-03-16,146.3,149.8,144.2,149.0,68389.622
2023-03-17,149.0,154.3,148.8,153.7,75781.538
2023-03-18,153.6,154.3,146.2,149.3,78896.796
2023-03-19,149.4,158.6,148.5,153.3,96663.675
2023-03-20,153.2,155.9,149.4,151.8,82696.102
2023-03-21,151.7,157.4,149.0,153.1,120646.519
2023-03-22,153.2,154.9,145.3,148.6,159804.825
2023-03-23,148.4,156.8,148.3,156.5,149564.276
2023-03-24,156.4,163.5,154.9,162.0,119321.338
2023-03-25,162.0,165.0,159.5,159.7,89083.066
2023-03-26,159.6,165.9,158.6,161.5,68588.767
2023-03-27,161.5,165.0,151.4,151.7,125243.001
2023-03-28,151.7,160.0,149.7,154.0,87152.276
2023-03-29,154.0,160.1,153.6,158.9,78463.561
2023-03-30,158.9,163.3,154.4,155.3,95702.949
2023-03-31,155.3,158.5,154.7,157.6,58221.888
2023-04-01,157.7,157.8,153.9,157.0,41961.022
2023-04-02,157.1,160.9,156.1,160.2,58079.341
2023-04-03,160.1,161.9,155.4,156.5,81292.344
2023-04-04,156.5,159.7,155.8,158.6,67246.821
2023-04-05,158.6,160.3,156.0,158.0,62648.157
2023-04-06,158.1,158.8,156.1,156.3,51881.699
2023-04-07,156.3,157.9,155.1,156.7,45769.147
2023-04-08,156.7,159.2,156.7,158.3,44853.188
2023-04-09,158.3,160.5,157.6,160.2,35210.925
2023-04-10,160.3,160.9,155.2,159.2,87760.171
2023-04-11,159.1,162.8,158.6,162.2,80536.324
2023-04-12,162.2,162.9,158.8,162.1,79835.237
2023-04-13,162.0,163.9,161.2,161.8,55496.002
2023-04-14,161.8,164.4,158.9,162.0,65916.873
2023-04-15,162.0,163.7,161.1,162.3,50039.291
2023-04-16,162.2,164.1,160.5,163.8,34643.098
2023-04-17,163.7,164.0,159.3,159.4,68753.62
2023-04-18,159.3,163.5,158.2,162.8,45208.419
2023-04-19,162.9,162.9,151.5,153.0,65858.096
2023-04-20,152.8,156.2,150.9,153.5,55690.238
2023-04-21,153.4,155.6,149.2,151.1,53399.629
2023-04-22,151.2,157.6,150.3,157.4,41447.453
2023-04-23,157.4,159.4,153.5,157.5,54583.759
2023-04-24,157.5,159.0,156.1,157.6,48567.258
2023-04-25,157.6,160.0,154.2,159.7,50305.996
2023-04-26,159.7,162.6,151.9,156.9,87491.296
2023-04-27,156.9,159.1,153.5,153.8,76851.946
2023-04-28,153.8,156.8,152.3,153.2,65016.332
2023-04-29,153.2,156.2,152.3,154.5,38518.642
2023-04-30,154.5,157.1,153.7,155.4,32313.594
2023-05-01,155.5,156.0,150.8,152.7,61469.162
2023-05-02,152.7,154.9,152.3,152.7,47123.919
2023-05-03,152.8,155.3,151.1,155.2,74445.41
2023-05-04,155.1,156.8,154.5,155.5,57558.465
2023-05-05,155.5,158.9,154.6,158.3,67287.938
2023-05-06,158.2,159.2,153.7,156.2,57568.722
2023-05-07,156.3,158.7,155.7,156.9,44670.086
2023-05-08,156.8,157.5,149.3,153.5,71569.566
2023-05-09,153.6,155.4,152.1,155.0,50434.459
2023-05-10,155.0,156.3,150.5,153.8,59043.637
2023-05-11,153.8,155.5,151.1,152.6,60589.002
2023-05-12,152.5,155.0,149.9,153.8,46809.41
2023-05-13,153.8,154.0,152.4,153.0,28645.129
2023-05-14,153.0,154.2,151.7,154.1,40175.954
2023-05-15,154.0,154.6,152.0,152.0,40521.199
2023-05-16,152.0,153.0,150.5,151.7,41859.449
2023-05-17,151.7,152.5,150.8,151.3,40742.446
2023-05-18,151.2,152.1,149.1,151.1,41120.88
2023-05-19,151.2,152.4,149.5,150.5,41720.675
2023-05-20,150.5,151.6,149.7,150.4,36945.732
2023-05-21,150.4,150.9,149.0,150.1,36785.885
2023-05-22,150.1,152.9,149.1,151.5,52706.555
2023-05-23,151.6,153.1,150.8,151.7,47564.392
2023-05-24,151.7,152.0,148.1,150.1,49100.444
2023-05-25,150.1,151.8,149.0,151.1,57063.075
2023-05-26,151.1,151.9,150.4,150.6,38147.35
2023-05-27,150.6,151.6,150.3,151.2,25998.402
2023-05-28,151.3,156.6,151.0,155.1,60779.729
2023-05-29,155.1,156.8,152.7,154.0,66149.122
2023-05-30,154.0,154.8,152.1,153.0,69137.211
2023-05-31,153.0,153.6,144.6,145.9,89670.189
2023-06-01,145.9,148.7,144.8,146.4,65754.763
2023-06-02,146.3,147.6,144.7,146.0,73572.125
2023-06-03,146.0,148.7,145.5,148.3,46652.384
2023-06-04,148.3,150.2,147.9,148.1,49822.551
2023-06-05,148.1,148.5,137.0,141.1,70147.873
2023-06-06,141.0,147.6,138.7,147.1,73649.067
2023-06-07,147.0,148.4,143.3,145.2,58324.421
2023-06-08,145.2,146.2,142.1,142.5,64606.766
2023-06-09,142.4,143.6,140.7,143.1,50583.452
2023-06-10,143.2,144.0,126.0,137.7,95689.741
2023-06-11,137.7,139.1,135.5,137.9,34767.502
2023-06-12,138.0,141.0,135.7,140.2,85500.913
2023-06-13,140.2,141.8,136.4,136.5,87289.481
2023-06-14,136.6,137.4,131.1,133.9,80526.41
2023-06-15,134.0,135.2,131.6,134.3,85000.921
2023-06-16,134.4,137.6,132.5,134.7,56350.295
2023-06-17,134.7,137.0,134.3,136.5,35564.117
2023-06-18,136.6,141.4,136.0,137.3,49234.961
2023-06-19,137.3,139.6,136.1,138.3,49562.753
2023-06-20,138.3,143.0,137.2,141.8,65508.741
2023-06-21,141.8,145.9,141.1,145.0,85816.059
2023-06-22,145.1,153.3,144.8,149.9,88287.468
2023-06-23,149.9,155.5,148.9,154.6,93653.357
2023-06-24,154.5,159.9,153.2,156.6,98897.151
2023-06-25,156.6,166.4,155.8,163.4,85680.895
2023-06-26,163.3,166.0,158.4,163.7,112915.357
2023-06-27,163.7,170.9,163.4,167.6,102333.913
2023-06-28,167.7,170.9,162.4,164.7,87159.079
2023-06-29,164.7,167.7,160.5,163.9,49302.334
2023-06-30,163.9,169.8,160.2,168.4,105252.942
2023-07-01,168.4,169.2,166.6,167.0,40209.619
2023-07-02,167.1,168.8,162.6,168.7,46327.134
2023-07-03,168.7,172.7,167.3,169.0,81356.776
2023-07-04,168.9,171.3,165.9,165.9,57096.393
2023-07-05,166.0,169.6,161.6,166.8,60197.482
2023-07-06,166.9,170.0,163.7,165.6,52527.754
2023-07-07,165.6,168.8,163.6,165.5,53950.713
2023-07-08,165.5,168.9,165.1,167.4,57202.982
2023-07-09,167.4,168.9,165.1,165.9,51066.313
2023-07-10,165.9,167.0,163.0,163.6,60816.139
2023-07-11,163.5,165.8,162.9,165.3,53016.164
2023-07-12,165.3,165.5,163.0,163.5,44704.397
2023-07-13,163.5,167.7,161.7,165.2,60102.581
2023-07-14,165.2,166.8,155.5,160.7,72737.691
2023-07-15,160.7,166.3,158.7,164.7,48145.196
2023-07-16,164.8,166.4,162.9,165.5,33620.464
2023-07-17,165.5,169.0,162.9,168.1,53994.984
2023-07-18,168.1,168.7,164.0,166.9,41863.481
2023-07-19,166.9,171.1,165.2,165.8,62369.416
2023-07-20,165.8,168.3,163.1,165.8,42980.857
2023-07-21,165.8,166.3,160.6,161.9,49888.606
2023-07-22,161.9,163.9,161.0,162.3,33519.098
2023-07-23,162.3,166.4,161.4,163.8,39675.12
2023-07-24,163.8,164.8,159.7,161.1,46136.767
2023-07-25,161.0,163.3,159.9,162.9,34039.27
2023-07-26,163.0,163.8,161.2,163.0,49073.384
2023-07-27,163.0,164.2,161.2,162.1,51820.712
2023-07-28,162.2,164.6,161.9,163.0,56684.06
2023-07-29,163.0,164.3,161.9,163.1,36834.186
2023-07-30,163.1,163.8,158.1,160.3,38366.022
2023-07-31,160.3,161.9,159.5,161.2,56399.776
2023-08-01,161.2,163.8,157.2,160.3,149028.046
2023-08-02,160.3,161.0,158.6,160.1,51833.05
2023-08-03,160.0,161.9,159.6,160.4,50864.355
2023-08-04,160.4,162.3,157.3,158.6,102326.065
2023-08-05,158.6,161.5,157.9,159.7,65703.928
2023-08-06,159.8,161.2,159.1,159.8,47614.816
2023-08-07,159.8,161.0,157.2,158.4,52819.054
2023-08-08,158.5,160.3,157.8,158.9,48637.742
2023-08-09,158.9,159.7,156.5,157.3,49143.696
2023-08-10,157.3,157.6,154.4,156.1,59814.869
2023-08-11,156.2,158.2,155.9,156.9,44922.066
2023-08-12,157.0,158.3,156.4,158.0,48186.868
2023-08-13,158.0,159.8,157.0,158.2,47182.156
2023-08-14,158.3,160.1,158.0,158.6,57185.259
2023-08-15,158.6,158.9,154.9,155.4,41430.995
2023-08-16,155.5,156.6,152.6,154.0,66212.559
2023-08-17,154.1,154.8,136.2,141.6,73392.085
2023-08-18,141.7,145.4,140.8,143.5,52429.914
2023-08-19,143.6,145.3,143.0,144.4,27867.314
2023-08-20,144.4,149.3,143.5,147.3,40502.916
2023-08-21,147.3,149.9,144.6,149.6,56445.633
2023-08-22,149.7,149.9,143.4,145.5,50646.835
2023-08-23,145.5,146.4,142.6,143.0,60952.37
2023-08-24,143.1,143.2,135.6,138.6,93503.189
2023-08-25,138.6,140.3,137.1,140.1,62354.207
2023-08-26,140.2,145.2,139.9,143.0,86316.662
2023-08-27,143.1,145.9,142.7,145.4,53561.574
2023-08-28,145.5,146.9,142.4,145.2,72692.153
2023-08-29,145.3,148.5,142.9,146.7,75141.517
2023-08-30,146.8,148.4,140.6,142.1,75206.088
2023-08-31,142.0,144.9,139.4,143.1,67970.582
2023-09-01,143.2,144.9,138.9,140.8,53400.234
2023-09-02,140.8,141.9,139.0,140.1,36406.642
2023-09-03,140.1,141.5,139.1,140.6,36709.609
2023-09-04,140.8,144.1,140.7,141.1,53219.121
2023-09-05,141.2,141.4,137.3,137.7,54842.273
2023-09-06,137.7,142.8,137.5,142.2,64388.555
2023-09-07,142.1,143.4,140.9,143.3,70374.95
2023-09-08,143.4,144.3,140.4,143.9,43494.132
2023-09-09,144.0,144.1,142.2,143.4,30261.369
2023-09-10,143.5,143.9,141.6,142.9,28796.733
2023-09-11,143.0,143.9,137.9,139.9,52345.731
2023-09-12,140.0,143.1,139.2,140.8,54545.134
2023-09-13,140.8,144.7,140.4,143.0,60203.18
2023-09-14,143.0,147.2,142.0,146.5,43486.995
2023-09-15,146.6,150.0,146.0,147.8,64644.214
2023-09-16,147.8,148.2,143.9,144.3,31247.891
2023-09-17,144.4,146.3,143.0,145.8,33799.149
2023-09-18,145.8,148.0,144.9,145.7,40829.876
2023-09-19,145.8,148.5,145.6,147.6,32002.207
2023-09-20,147.6,148.5,145.8,148.2,41122.756
2023-09-21,148.2,148.4,145.0,145.1,39995.349
2023-09-22,145.2,147.1,144.4,145.0,39100.588
2023-09-23,145.1,145.6,141.4,141.7,29333.643
2023-09-24,141.7,144.6,141.5,143.8,34682.937
2023-09-25,143.8,145.5,142.9,144.5,50055.297
2023-09-26,144.5,145.4,143.2,144.8,48675.914
2023-09-27,144.7,146.8,144.2,146.6,59252.73
2023-09-28,146.5,147.7,145.3,146.0,38105.534
2023-09-29,146.0,146.9,144.7,146.8,35062.27
2023-09-30,146.9,148.2,145.1,146.6,35622.826
2023-10-01,146.6,150.0,145.3,149.1,69424.454
2023-10-02,149.1,150.0,145.3,146.0,62807.379
2023-10-03,146.0,148.0,144.8,147.2,43648.811
2023-10-04,147.2,150.8,145.5,150.4,58009.905
2023-10-05,150.3,151.6,148.2,149.6,48783.801
2023-10-06,149.5,152.7,148.4,151.8,41822.233
2023-10-07,151.8,155.7,150.8,155.4,67625.489
2023-10-08,155.3,156.8,152.6,156.3,66716.038
2023-10-09,156.2,156.4,151.7,153.7,62275.914
2023-10-10,153.8,154.6,151.9,152.2,42351.455
2023-10-11,152.2,154.0,150.9,154.0,40053.641
2023-10-12,154.0,154.6,150.9,152.5,53996.385
2023-10-13,152.4,154.9,150.8,153.6,49127.75
2023-10-14,153.5,154.5,151.6,152.8,28552.712
2023-10-15,152.8,153.5,151.8,152.3,29734.268
2023-10-16,152.3,154.0,150.9,152.4,63899.641
2023-10-17,152.4,152.4,149.3,150.5,49704.245
2023-10-18,150.5,152.5,149.6,149.7,44790.582
2023-10-19,149.7,152.6,146.7,152.5,58854.258
2023-10-20,152.5,157.4,151.7,154.8,66368.436
2023-10-21,154.8,158.2,154.1,157.8,40236.683
2023-10-22,157.8,160.0,156.2,159.0,50712.024
2023-10-23,159.0,162.3,156.8,160.9,86577.576
2023-10-24,160.9,163.8,155.5,158.0,122627.981
2023-10-25,158.0,160.6,154.4,160.1,90088.476
2023-10-26,160.1,162.6,156.6,159.6,80942.508
2023-10-27,159.5,161.3,156.7,160.7,52700.005
2023-10-28,160.8,162.9,159.5,161.9,52846.451
2023-10-29,161.9,175.0,159.9,174.1,127114.12
2023-10-30,174.1,175.4,164.4,172.7,120040.048
2023-10-31,172.6,173.9,168.3,172.2,65175.472
2023-11-01,172.2,172.9,169.3,171.5,82640.84
2023-11-02,171.5,172.6,167.5,171.0,96073.0
2023-11-03,171.0,173.2,168.5,170.7,58202.459
2023-11-04,170.8,171.7,165.2,168.1,51012.333
2023-11-05,168.1,170.9,167.0,169.2,53477.338
2023-11-06,169.3,169.6,164.4,165.2,81043.096
2023-11-07,165.2,168.4,161.5,166.1,91321.428
2023-11-08,166.1,167.9,164.0,167.3,66188.454
2023-11-09,167.2,171.3,157.9,170.3,108719.705
2023-11-10,170.2,173.8,166.4,170.8,83370.895
2023-11-11,170.8,172.6,167.6,169.3,67225.361
2023-11-12,169.3,171.8,166.4,171.2,49692.706
2023-11-13,171.2,172.9,162.5,162.6,76836.792
2023-11-14,162.7,166.5,158.9,163.3,65585.1
2023-11-15,163.3,166.6,157.8,161.1,118145.616
2023-11-16,161.1,162.9,157.2,160.8,80410.493
2023-11-17,160.9,167.2,160.4,162.9,90997.616
2023-11-18,162.9,162.9,159.0,160.8,34533.956
2023-11-19,160.7,164.2,159.3,163.9,37687.522
2023-11-20,164.0,165.0,161.6,163.0,56039.68
2023-11-21,162.9,166.0,158.1,158.8,74536.636
2023-11-22,158.9,164.1,158.0,163.1,82420.116
2023-11-23,163.0,167.9,162.9,165.8,81381.834
2023-11-24,165.9,171.6,165.8,170.4,67667.847
2023-11-25,170.3,173.0,169.6,172.0,50145.299
2023-11-26,172.0,173.3,167.8,169.4,42144.327
2023-11-27,169.5,170.6,164.5,165.5,68999.38
2023-11-28,165.6,168.0,164.0,167.6,48829.857
2023-11-29,167.7,167.9,164.9,165.9,63385.795
2023-11-30,166.0,170.5,165.9,169.9,54926.462
2023-12-01,169.9,171.9,169.1,171.7,60686.971
2023-12-02,171.8,173.9,170.2,172.6,60878.686
2023-12-03,172.7,173.5,170.5,172.3,44223.621
2023-12-04,172.4,174.3,166.6,170.6,88588.796
2023-12-05,170.6,172.6,167.6,171.1,76848.56
2023-12-06,171.1,174.0,170.0,170.7,76362.18
2023-12-07,170.7,177.1,170.1,172.9,82230.417
2023-12-08,172.9,175.7,171.8,174.0,100308.443
2023-12-09,174.0,177.1,173.8,175.1,69166.693
2023-12-10,174.9,178.6,174.6,176.0,65369.103
2023-12-11,176.0,176.7,162.0,171.8,114003.835
2023-12-12,171.9,173.3,167.9,170.8,84274.689
2023-12-13,170.9,171.1,166.7,169.0,83901.707
2023-12-14,169.1,169.3,166.0,168.0,75047.634
2023-12-15,167.9,173.0,167.7,168.1,99106.209
2023-12-16,168.1,172.4,167.1,168.8,58761.244
2023-12-17,168.7,170.5,167.1,168.0,50374.398
2023-12-18,168.1,174.1,166.2,173.7,97945.683
2023-12-19,173.7,176.0,167.9,171.2,88667.167
2023-12-20,171.3,175.0,170.6,174.7,67426.867
2023-12-21,174.8,176.3,172.2,173.3,61648.761
2023-12-22,173.3,177.0,170.8,176.8,82373.464
2023-12-23,176.8,179.0,173.6,178.5,53160.326
2023-12-24,178.5,179.2,170.4,171.2,54425.012
2023-12-25,171.2,175.0,170.3,174.3,47660.051
2023-12-26,174.4,176.6,170.7,174.2,64317.69
2023-12-27,174.1,176.5,172.5,175.5,68468.666
2023-12-28,175.5,180.7,172.5,174.4,103712.671
2023-12-29,174.5,175.7,162.0,166.4,140535.286
2023-12-30,166.4,169.2,162.3,165.8,72150.619
2023-12-31,165.9,168.7,163.3,164.9,47738.957
2024-01-01,164.9,169.7,163.2,169.5,36632.172
2024-01-02,169.6,174.3,167.0,167.4,93331.951
2024-01-03,167.4,169.8,146.8,154.1,151519.841
2024-01-04,154.0,165.0,149.0,164.8,151118.451
2024-01-05,164.8,165.1,151.2,155.8,111404.35
2024-01-06,155.7,158.8,150.0,152.6,86556.978
2024-01-07,152.6,155.3,144.6,146.1,80321.406
2024-01-08,146.1,154.4,143.2,147.8,150972.165
2024-01-09,147.7,148.8,142.7,144.4,104763.234
2024-01-10,144.4,151.7,143.5,149.0,90985.01
2024-01-11,149.1,154.7,148.1,152.7,131778.937
2024-01-12,152.6,162.4,149.0,152.0,130060.265
2024-01-13,151.9,156.8,148.2,155.8,55113.732
2024-01-14,155.8,160.0,153.0,154.1,62341.982
2024-01-15,154.2,159.0,152.6,157.2,81148.821
2024-01-16,157.3,160.2,153.6,157.4,78187.304
2024-01-17,157.4,160.9,155.0,157.8,94994.566
2024-01-18,157.8,165.0,151.8,153.2,94672.44
2024-01-19,153.2,159.0,149.9,158.4,60195.235
2024-01-20,158.4,159.6,155.9,156.7,47049.098
2024-01-21,156.6,163.5,155.1,157.6,95544.514
2024-01-22,157.6,160.3,149.1,150.7,109556.058
2024-01-23,150.7,154.9,146.5,150.5,72101.275
2024-01-24,150.4,155.9,148.8,152.6,72021.633
2024-01-25,152.6,158.0,152.0,157.2,78114.83
2024-01-26,157.3,162.4,155.8,159.3,92297.502
2024-01-27,159.4,162.4,157.4,160.4,55022.266
2024-01-28,160.3,162.8,158.6,160.7,54781.692
2024-01-29,160.7,169.9,159.8,168.0,103717.095
2024-01-30,168.0,172.2,159.7,160.3,100642.176
2024-01-31,160.3,167.0,158.3,163.7,98756.563
2024-02-01,163.7,170.0,163.5,166.3,94067.092
2024-02-02,166.3,171.3,165.3,169.0,74599.793
2024-02-03,169.0,170.0,162.4,165.5,53371.299
2024-02-04,165.5,168.0,164.9,165.9,39681.348
2024-02-05,165.8,168.2,163.4,165.4,56093.031
2024-02-06,165.4,166.8,100.4,105.4,749041.48
2024-02-07,105.4,135.0,103.4,129.6,464226.094
2024-02-08,129.5,132.0,117.7,128.7,166551.919
2024-02-09,128.7,129.4,119.6,121.5,123612.894
2024-02-10,121.6,123.8,115.0,119.3,124814.491
2024-02-11,119.3,123.2,115.0,120.7,122450.943
2024-02-12,120.6,128.9,118.0,126.3,119313.873
2024-02-13,126.3,129.2,122.1,127.8,139732.431
2024-02-14,127.8,131.9,126.2,128.1,101081.926
2024-02-15,128.0,129.2,123.3,125.7,104032.344
2024-02-16,125.7,129.2,120.2,122.5,71072.945
2024-02-17,122.6,122.7,118.0,121.3,52344.936
2024-02-18,121.2,123.4,118.7,121.9,49290.176
2024-02-19,122.1,123.4,108.5,112.5,96765.61
2024-02-20,112.4,119.6,110.4,118.7,7079.917
